,filename,date,year,month,day,lon_10,lat_10,lon_20,lat_20,lon_30,lat_30,lon_40,lat_40,lon_50,lat_50,lon_60,lat_60,lon_70,lat_70,lon_80,lat_80,lon_90,lat_90
708,ice_conc_nh_ease2-250_cdr-v2p0_198301011200.nc,1983-01-01,1983,1,1,19.262038904612112,78.16690896913511,19.457032293203763,78.26719364666721,19.885630621410208,78.4020283009032,20.089884749313217,78.41630334043415,21.980751642776347,78.6603463116166,22.110838825404272,78.71555095034006,22.207175977902875,78.73594942436127,22.663067594173775,78.96376651775334,25.1751477474199,79.6395058999201
709,ice_conc_nh_ease2-250_cdr-v2p0_198301031200.nc,1983-01-03,1983,1,3,21.98439373432998,78.55047414237055,21.97686881467361,78.70395177714954,21.94772080071528,78.81098027059835,22.171407926368353,78.85194140063273,22.218425400626682,78.92772438018174,22.41643628781988,78.96855064175085,22.61215575114473,79.02609750852045,23.748442123280938,79.2082855735072,29.946284808963995,78.85937031176182
710,ice_conc_nh_ease2-250_cdr-v2p0_198301051200.nc,1983-01-05,1983,1,5,20.840099870762945,78.57884187347246,21.3284218688103,78.70319351247494,21.600975588586394,78.7500216938909,21.996028631755923,78.80112276998574,22.190009722595505,78.81429386557954,22.293166147084,78.90401327256282,22.537282895249536,78.95127303437236,23.31702416270284,79.0839133759469,25.998158303841983,79.85250756971358
711,ice_conc_nh_ease2-250_cdr-v2p0_198301071200.nc,1983-01-07,1983,1,7,21.655740411489447,78.59066581737929,21.584186326982888,78.7290358086795,21.596290621465187,78.8493003281167,22.053976912539508,78.86521064121021,22.144448676312322,78.90206191773812,22.3010314187881,79.00090464345688,22.384145971081985,79.02225142953849,23.042319095188613,79.20732861359184,24.80828584085777,79.78675614310703
712,ice_conc_nh_ease2-250_cdr-v2p0_198301091200.nc,1983-01-09,1983,1,9,18.81757507189364,78.20418494961137,18.843728018854534,78.38848756279941,21.256197559664106,78.60201960200732,21.53100907992236,78.67545413995855,21.7408036560098,78.65264955668297,21.867647518052863,78.76112043165108,22.20589525635376,78.86440386431883,22.692353194201104,79.01411212000664,25.007980831393404,79.76612388924943
713,ice_conc_nh_ease2-250_cdr-v2p0_198301111200.nc,1983-01-11,1983,1,11,19.10105584576466,78.77071698939771,19.10105584576466,78.77071698939771,18.59894829191839,78.36246225042984,19.078406277835153,78.36240651041437,19.249019398262615,78.47206777032504,21.502888260772963,78.5302430474782,21.945119230821987,78.66010095983277,22.02718202882178,78.76861371528936,22.820160590938926,78.95181159619287
714,ice_conc_nh_ease2-250_cdr-v2p0_198301131200.nc,1983-01-13,1983,1,13,19.10105584576466,78.77071698939771,19.10105584576466,78.77071698939771,18.52761188315838,78.38100781379599,21.319947160658213,78.46474940459679,21.48666419515945,78.60293221136794,21.71170612467676,78.62521579108336,21.912814156018833,78.7086081658054,22.165285896231445,78.80790064378847,23.54313637461066,79.74605416658432
715,ice_conc_nh_ease2-250_cdr-v2p0_198301151200.nc,1983-01-15,1983,1,15,19.10105584576466,78.77071698939771,19.10105584576466,78.77071698939771,18.28861600235397,79.03469620980167,18.56910489543792,78.47615322898756,19.057975825286995,78.3751799031414,21.630477610837534,78.57202838129827,21.79725226555295,78.5875721816306,22.361449453247236,78.76663644332064,24.592069512133303,79.76541829911466
716,ice_conc_nh_ease2-250_cdr-v2p0_198301171200.nc,1983-01-17,1983,1,17,19.10105584576466,78.77071698939771,17.62473630092544,77.66345264505844,18.510505726481423,78.27433151231207,18.86859978377981,78.28448589452039,19.22759694534002,78.33601572828957,19.556287090121284,78.33822741942397,21.556195567302108,78.4577749587688,22.30584857039988,78.65401201464603,21.76823568601312,80.68922605141391
717,ice_conc_nh_ease2-250_cdr-v2p0_198301191200.nc,1983-01-19,1983,1,19,19.10105584576466,78.77071698939771,19.10105584576466,78.77071698939771,19.10105584576466,78.77071698939771,19.10105584576466,78.77071698939771,19.317992596666258,78.13791429591335,19.956067410955335,78.1775925435032,21.40425162825424,78.33351542806649,22.09375032498174,78.53761830934104,21.49548422242431,80.93951638040245
718,ice_conc_nh_ease2-250_cdr-v2p0_198301211200.nc,1983-01-21,1983,1,21,19.10105584576466,78.77071698939771,19.10105584576466,78.77071698939771,19.10105584576466,78.77071698939771,19.10105584576466,78.77071698939771,19.10105584576466,78.77071698939771,19.392215509783625,78.23369995714953,21.10179046469039,78.2872961632881,22.359027987678186,78.5052583451883,23.71838707394553,79.34655218083972
719,ice_conc_nh_ease2-250_cdr-v2p0_198301231200.nc,1983-01-23,1983,1,23,19.10105584576466,78.77071698939771,19.10105584576466,78.77071698939771,19.10105584576466,78.77071698939771,19.10105584576466,78.77071698939771,19.10105584576466,78.77071698939771,20.632626582896847,78.17620167557355,21.20715988200395,78.42879213335601,22.229582592221558,78.48518978662312,23.025694003925732,79.33122358212641
720,ice_conc_nh_ease2-250_cdr-v2p0_198301251200.nc,1983-01-25,1983,1,25,19.10105584576466,78.77071698939771,19.10105584576466,78.77071698939771,19.10105584576466,78.77071698939771,18.57606963734366,79.02877749625601,20.30659671141649,78.35127002595625,21.37505856001869,78.5016359276189,21.947580427756744,78.60050989663549,22.919855946681885,78.90453307442411,24.84108269239063,79.7158121798494
721,ice_conc_nh_ease2-250_cdr-v2p0_198301271200.nc,1983-01-27,1983,1,27,18.75972764866008,78.92492037162214,18.575098356322183,79.00123044965778,18.349070132915404,79.14244896121285,18.743262324863792,78.66247348129436,20.999773233873583,78.61812866589065,21.25312285028605,78.61655554630437,21.808631895863506,78.71877193846973,24.536459050228743,79.7196098525651,25.389201202012188,79.97415919969376
722,ice_conc_nh_ease2-250_cdr-v2p0_198301291200.nc,1983-01-29,1983,1,29,18.34787371191032,78.98503089139518,18.076510222402828,79.05126791383104,18.832368997937085,78.35092992613924,18.992430690108996,78.41007248040692,19.384389313153907,78.37764198676699,19.820042411232585,78.42179867230882,21.856047253920305,78.60245412260156,22.56380887999777,78.81894597051267,24.77631115760861,79.73728248284006
723,ice_conc_nh_ease2-250_cdr-v2p0_198301311200.nc,1983-01-31,1983,1,31,19.10105584576466,78.77071698939771,19.10105584576466,78.77071698939771,19.10105584576466,78.77071698939771,18.412421264378757,79.03617534021993,18.868549850239347,78.4023519582668,19.23106177017506,78.42416483249619,21.832328860499977,78.55257548094829,22.395585691174322,78.7045160131683,24.52271036424778,79.712526143928
724,ice_conc_nh_ease2-250_cdr-v2p0_198302021200.nc,1983-02-02,1983,2,2,19.10105584576466,78.77071698939771,19.10105584576466,78.77071698939771,19.10105584576466,78.77071698939771,18.464148009934352,79.00668254620126,18.689147348656515,78.42210309119793,19.10827686421543,78.43479617286835,21.760891872966184,78.53244126739884,23.204186932770583,79.427747238783,24.73958011422825,79.75104268287824
725,ice_conc_nh_ease2-250_cdr-v2p0_198302041200.nc,1983-02-04,1983,2,4,19.10105584576466,78.77071698939771,19.10105584576466,78.77071698939771,19.10105584576466,78.77071698939771,18.29950391138664,78.36387873488367,18.782935687370703,78.35859274480961,21.06634363133903,78.37182576090008,22.841281780053833,79.39328412798525,22.801898736470502,79.49017617606476,24.399247924499498,79.73940652058994
726,ice_conc_nh_ease2-250_cdr-v2p0_198302061200.nc,1983-02-06,1983,2,6,19.10105584576466,78.77071698939771,19.10105584576466,78.77071698939771,16.731781339012674,77.867608694814,18.569538734587965,78.28525362248968,18.6518323015974,78.31275380901195,19.048441277303723,78.33009559875144,21.051752877427003,78.36013766693812,22.82378771231052,79.40902104974533,23.511120346113813,79.5357050487511
727,ice_conc_nh_ease2-250_cdr-v2p0_198302081200.nc,1983-02-08,1983,2,8,23.132877438633873,61.84872085021348,23.131947452816892,61.84371019943379,23.24209084112245,61.84480041243703,18.303639406810348,78.37974344411262,19.085090194719807,78.3744427692788,19.46469641135069,78.3664889600141,21.318003956528187,78.44861373859261,21.879109225351872,78.56764126184093,24.378248582910047,79.72162575282557
728,ice_conc_nh_ease2-250_cdr-v2p0_198302101200.nc,1983-02-10,1983,2,10,19.10105584576466,78.77071698939771,18.474351992439573,78.07654274154508,18.63742579987311,78.11936289516946,18.736075584356296,78.26005913393588,19.227708185269194,78.24477387922543,19.456771009142653,78.29054600801294,19.656728959722123,78.30892828441657,21.851863757008605,78.51995558809475,25.306550338664554,79.82233557629996
729,ice_conc_nh_ease2-250_cdr-v2p0_198302121200.nc,1983-02-12,1983,2,12,19.10105584576466,78.77071698939771,19.10105584576466,78.77071698939771,19.10105584576466,78.77071698939771,19.10105584576466,78.77071698939771,19.10105584576466,78.77071698939771,19.431731759312004,78.30816819503937,21.252683913516435,78.21074065731533,21.732929314058058,78.42845817058402,20.330726116694738,81.41221572439886
730,ice_conc_nh_ease2-250_cdr-v2p0_198302141200.nc,1983-02-14,1983,2,14,19.10105584576466,78.77071698939771,19.10105584576466,78.77071698939771,19.10105584576466,78.77071698939771,19.10105584576466,78.77071698939771,19.10105584576466,78.77071698939771,19.17122112742654,78.22506260212262,21.234552423603255,78.26975559494798,21.776345176701565,78.40718933800117,23.48042297449424,80.43134247095752
731,ice_conc_nh_ease2-250_cdr-v2p0_198302161200.nc,1983-02-16,1983,2,16,23.079518988669854,60.20499325180268,19.10105584576466,78.77071698939771,19.10105584576466,78.77071698939771,19.10105584576466,78.77071698939771,19.10105584576466,78.77071698939771,19.85777733428129,78.10932106532444,20.857575412985497,78.15874918847669,21.50969833297059,78.24360473316086,23.659352797478984,79.64159385021672
732,ice_conc_nh_ease2-250_cdr-v2p0_198302181200.nc,1983-02-18,1983,2,18,19.10105584576466,78.77071698939771,19.10105584576466,78.77071698939771,19.10105584576466,78.77071698939771,19.10105584576466,78.77071698939771,19.269084279528233,78.1421440314714,19.966999958941585,78.12210619877429,21.069273033650134,78.23986725194823,21.676445243026496,78.35764012461115,23.89175396595209,79.81820511786444
733,ice_conc_nh_ease2-250_cdr-v2p0_198302201200.nc,1983-02-20,1983,2,20,19.10105584576466,78.77071698939771,19.10105584576466,78.77071698939771,19.10105584576466,78.77071698939771,19.10105584576466,78.77071698939771,19.044231919999344,78.1138926870786,19.601293178172124,78.13661572242592,20.55593872362242,78.15192512097062,21.2019996026933,78.24289179607459,25.846186573316892,79.32259718949689
734,ice_conc_nh_ease2-250_cdr-v2p0_198302221200.nc,1983-02-22,1983,2,22,19.10105584576466,78.77071698939771,19.10105584576466,78.77071698939771,19.10105584576466,78.77071698939771,19.10105584576466,78.77071698939771,19.88795172335955,78.04353052059417,19.84264609681985,78.13386347949027,21.0081519745644,78.20442999735539,21.829648000700274,78.36166222458655,25.450994361015667,79.78743543909214
735,ice_conc_nh_ease2-250_cdr-v2p0_198302241200.nc,1983-02-24,1983,2,24,18.910166900000092,77.91797018715808,19.16193527847099,78.01460774998942,19.556193360069773,78.02743403707986,20.124232459828395,78.07686474816953,19.95375942175606,78.14403861310362,21.234932093382593,78.24094624335264,21.106634731604004,78.32680861110171,22.144995651044482,78.37417092189135,23.62863953859394,79.63542784356183
736,ice_conc_nh_ease2-250_cdr-v2p0_198302261200.nc,1983-02-26,1983,2,26,19.477405006899435,77.78903713513887,19.860183722024896,77.91250371965424,20.527888546329265,77.9890901691783,20.600403820360288,78.09905638634342,20.74320319255272,78.12537890750912,21.206578630318262,78.23153896943798,21.623844010940935,78.24931725743951,23.02045373711296,78.71290363926649,24.391707467693344,80.82332424958855
737,ice_conc_nh_ease2-250_cdr-v2p0_198302281200.nc,1983-02-28,1983,2,28,22.390925427121957,61.69852802116075,22.45111562998456,61.69221927739719,20.632928766090412,78.20754822191888,20.708509881978735,78.30101640038632,21.085441955241176,78.36851872221858,21.800943276120794,78.38998160160378,22.101989235535598,78.52439396514231,23.007633037542572,78.69836397133089,23.928718846861727,80.62011836306304
738,ice_conc_nh_ease2-250_cdr-v2p0_198303021200.nc,1983-03-02,1983,3,2,22.286467781836624,61.74954890304467,22.250567763921524,61.751811980596955,22.362094881905797,61.724422247532694,22.369411262301426,61.72731901542771,21.623045076117947,78.7058850911164,22.372795476700244,78.78916141843209,22.71392113349314,78.86439882982822,23.91212734662839,79.0492207369919,22.876126252110108,82.207664716335
739,ice_conc_nh_ease2-250_cdr-v2p0_198303041200.nc,1983-03-04,1983,3,4,22.275044978648587,61.67626301154774,22.301058907358946,61.71522098342146,22.355193638520028,61.68682644904942,21.44310808820063,78.862005769319,21.708082761969827,78.85071307526492,22.633295973864605,78.83905284839634,23.53843253246601,78.89703655869539,26.229067935467246,79.73673186813215,26.303063651030563,82.09329627996654
740,ice_conc_nh_ease2-250_cdr-v2p0_198303061200.nc,1983-03-06,1983,3,6,20.74526444610294,78.39272355045858,20.380665398393862,78.56496748800976,21.67225150040768,78.73036843958863,22.09625343793457,78.81135751569329,22.20351563113652,78.84043594739643,22.675849236899708,78.8227972018893,23.08420056205366,78.90599803238153,23.511424110648193,79.098181300394,27.712991964618343,81.65728489248879
741,ice_conc_nh_ease2-250_cdr-v2p0_198303081200.nc,1983-03-08,1983,3,8,23.048657848583453,61.832679553285516,22.87485838459396,78.62199120861209,22.516085924998432,78.84518750140761,22.184683287108435,78.81589924525241,22.380366573729045,78.93509548260573,22.517585267201493,79.07833084052338,22.94666889281189,79.16598589271335,25.179969391518693,80.00254037357796,25.964159260983305,81.34707197867318
742,ice_conc_nh_ease2-250_cdr-v2p0_198303101200.nc,1983-03-10,1983,3,10,20.263238916022523,78.19009190519802,23.10677646025456,61.85437558098003,23.116005948314225,61.85586117317473,22.488791507839213,78.48141674945603,22.423062669073783,78.6078089839189,22.031861910129557,78.7893628892978,22.37992885041199,78.91186490914654,23.1038270510514,79.07744585085433,20.668616409469756,81.87060133579668
743,ice_conc_nh_ease2-250_cdr-v2p0_198303121200.nc,1983-03-12,1983,3,12,18.343836593812615,78.03218536683124,19.410359969004023,78.11073854094104,20.359323384679858,78.19944847935346,20.713966574617576,78.52185187217233,21.91526300556878,78.62356230474703,22.219579699370918,78.59031532440031,22.245001024371838,78.73321670973766,22.834830963527516,78.87418112184362,20.89385380882168,80.56837925699698
744,ice_conc_nh_ease2-250_cdr-v2p0_198303141200.nc,1983-03-14,1983,3,14,19.178649244780004,77.87972516004918,19.859583678222833,78.0155430370035,20.334718713691693,78.14104216153707,20.685788570235907,78.42597878589595,21.038587418912904,78.48675935534978,21.95248443480273,78.60368772860214,22.085131732406758,78.74141204197441,22.949393492099535,79.03604422601249,20.82243777430208,81.32469742002047
745,ice_conc_nh_ease2-250_cdr-v2p0_198303161200.nc,1983-03-16,1983,3,16,19.618697555315535,77.81473138717051,19.773542149887025,77.95845618572903,20.982994787907447,78.13912912433554,21.36808112303782,78.24067938911706,21.687737785507014,78.31503108424843,21.641390320400816,78.54370592830341,21.829666522078625,78.62559537307675,22.466266083934258,78.85054183305562,21.16625271236789,81.29505380484196
746,ice_conc_nh_ease2-250_cdr-v2p0_198303181200.nc,1983-03-18,1983,3,18,19.412591981344782,77.963864621319,20.276736631907497,78.06562902607818,20.611041875148093,78.14933229346414,21.473122768814697,78.41476098505179,21.62357108436317,78.47302066250951,22.04265655097116,78.58288768208098,22.090289125238524,78.73594135335408,23.046721635505502,79.63838008564618,23.59864431189825,81.35817337695683
747,ice_conc_nh_ease2-250_cdr-v2p0_198303201200.nc,1983-03-20,1983,3,20,19.83673591625354,77.80721944672543,20.2360822489479,77.90608217797306,21.073774673731247,78.02883885717266,21.7309857594119,78.21020852551683,21.899944942116946,78.32862390101114,21.90151658286521,78.43282451674571,22.151482557463744,78.56363316359126,22.66051933004556,78.74868838504341,23.345523233646073,81.0673808572167
748,ice_conc_nh_ease2-250_cdr-v2p0_198303221200.nc,1983-03-22,1983,3,22,18.724756751557305,77.9261768060534,19.202789755827506,77.96491933867722,19.80128817796744,77.99994893478085,19.936144014510646,78.0664523938974,21.38872028500237,78.19608538326754,21.798394970553648,78.2715769795785,21.8080123212313,78.37636715139188,22.46034292154997,78.6522437960494,20.076622794306285,81.26496327272419
749,ice_conc_nh_ease2-250_cdr-v2p0_198303241200.nc,1983-03-24,1983,3,24,19.10105584576466,78.77071698939771,19.10105584576466,78.77071698939771,19.10105584576466,78.77071698939771,19.343590642688593,78.15485377188439,20.08404726259512,78.35700450217941,21.37297052998236,78.31604028292472,21.562088383725452,78.49818528279808,22.31906558832984,78.58339135547881,19.372583967595332,81.32331976590214
750,ice_conc_nh_ease2-250_cdr-v2p0_198303261200.nc,1983-03-26,1983,3,26,19.10105584576466,78.77071698939771,19.10105584576466,78.77071698939771,19.10105584576466,78.77071698939771,19.883657142224056,78.32334215586981,21.363719198952676,78.38291457654167,21.85640313140942,78.44736968177486,21.87495461905878,78.48820627399817,22.11372899413676,78.58666476007089,21.23162464472703,79.73674715407358
751,ice_conc_nh_ease2-250_cdr-v2p0_198303281200.nc,1983-03-28,1983,3,28,18.653090625958253,77.98140068648381,18.817867723959104,78.05728805619268,19.06071497421185,78.14018995197785,19.53502374854965,78.21921065066334,20.142512797625532,78.17504002277323,21.567351999030095,78.4061965380239,21.841070868388808,78.47186749436096,22.31180624576248,78.67148059615624,22.164074487599432,79.64061778077749
752,ice_conc_nh_ease2-250_cdr-v2p0_198303301200.nc,1983-03-30,1983,3,30,18.299603324582048,78.03171743188713,18.7589346729859,78.11473708123759,18.730019436840543,78.2603671106887,19.71881587591104,78.2191318818143,21.101941331925882,78.36467215518044,21.791666050685556,78.46825511105678,21.815150800865677,78.56672909842658,22.374730791035542,78.68796958870642,20.73731237555746,81.13015325574868
753,ice_conc_nh_ease2-250_cdr-v2p0_198304011200.nc,1983-04-01,1983,4,1,20.259704924711915,77.71098274191418,18.821330958362587,78.05792245695196,18.950568107128028,78.13317677975463,19.11112208494089,78.1884821637765,20.025347955234718,78.22189005961981,21.486489408098496,78.41827829036602,21.89959369132388,78.49006066670842,22.33879383231171,78.60568702047262,22.341241531086798,80.85024914512752
754,ice_conc_nh_ease2-250_cdr-v2p0_198304031200.nc,1983-04-03,1983,4,3,18.5196956681097,77.98422478554356,18.66205160929444,78.03489072901107,18.72398086183113,78.11057217652646,18.91346534612772,78.16178131467599,19.006820599681017,78.20598131911652,20.842811923531656,78.25871626828035,21.288652256696977,78.49522205615288,22.150599170611862,78.58488368851785,21.738353797184164,79.65757033451465
755,ice_conc_nh_ease2-250_cdr-v2p0_198304051200.nc,1983-04-05,1983,4,5,18.51742348321853,77.91789988131076,18.771738983934092,78.00996134257561,19.14604556268887,78.06409278130236,19.41292885574227,78.11348565956152,19.53027742273906,78.16374335102171,21.369534344249875,78.25562661055983,21.569068117393456,78.43808850925505,22.304308345324714,78.55911683253132,22.338442933772935,81.07834691957919
756,ice_conc_nh_ease2-250_cdr-v2p0_198304071200.nc,1983-04-07,1983,4,7,19.10105584576466,78.77071698939771,19.10105584576466,78.77071698939771,19.10105584576466,78.77071698939771,19.10105584576466,78.77071698939771,19.10105584576466,78.77071698939771,21.558635162466047,78.34172514277338,21.878816685073033,78.44855838714838,21.94590165368543,78.50795401557859,24.944897285882128,79.38529900910996
757,ice_conc_nh_ease2-250_cdr-v2p0_198304091200.nc,1983-04-09,1983,4,9,18.616499027700076,78.11407289123241,18.77279795619219,78.30447917055454,19.05669583134788,78.41175007835214,19.233953554760546,78.60350845922986,20.47814062211475,78.6700897475423,21.89881305283343,78.63684240401953,21.988768767171198,78.66894355593791,23.282821345862562,79.04222057480993,23.796787380535836,81.01532471214492
758,ice_conc_nh_ease2-250_cdr-v2p0_198304111200.nc,1983-04-11,1983,4,11,18.40758721783345,78.09659062347576,20.45289784697173,78.17838892398726,20.738738418464553,78.36223627112217,20.67482724233012,78.49657976397,20.881766259566305,78.55434656024308,21.20822510122483,78.67676188413867,21.953585128778307,78.66040525865765,22.05488002873515,78.79499500555815,22.363310314914948,81.23924045192159
759,ice_conc_nh_ease2-250_cdr-v2p0_198304131200.nc,1983-04-13,1983,4,13,20.450367985294122,78.08852559966186,20.618044582343135,78.21648765502636,20.743821742242005,78.36805369060386,20.663099686347913,78.54926157667524,21.02599851738131,78.61141206593521,21.937676202432403,78.56114534551514,21.911438410910776,78.69187643748808,22.565196312368958,78.79379633470919,22.83284535367575,81.15912510559889
760,ice_conc_nh_ease2-250_cdr-v2p0_198304151200.nc,1983-04-15,1983,4,15,20.440548584666406,78.0434974898742,20.537421889009977,78.28477131763012,20.668075106883315,78.39060203532806,21.12932620272542,78.51858408429108,21.74077385095892,78.5237616171682,21.926724722322987,78.55985997213185,22.10120306624613,78.61043640942088,22.508230361089367,78.81499606795919,22.930672804518565,81.28978330908934
761,ice_conc_nh_ease2-250_cdr-v2p0_198304171200.nc,1983-04-17,1983,4,17,20.76848206440039,78.14870988531732,21.067769962941515,78.26714808061614,21.11572091275477,78.38889468075475,21.33417933406574,78.4950494754515,21.626319797481894,78.53039691979946,21.768367327821466,78.57147052362579,21.86937036730406,78.62233778533307,22.009369614468273,78.72925022426752,20.12994680993616,81.33549400590574
762,ice_conc_nh_ease2-250_cdr-v2p0_198304191200.nc,1983-04-19,1983,4,19,20.527851505680992,77.98588055192567,20.86955783823099,78.04839435234173,21.053452548892345,78.18626969899182,21.028306808619853,78.26227302916502,21.29893950610279,78.35876883983723,21.38275615937014,78.53676500409016,22.08867698218452,78.53398400566154,22.252943729581222,78.6700142467263,24.92432166678372,80.9777061570212
763,ice_conc_nh_ease2-250_cdr-v2p0_198304211200.nc,1983-04-21,1983,4,21,20.432216623482226,77.77989258231115,20.64784033001068,77.903506506932,21.088221838823337,78.02145419199779,21.105704193271052,78.10271230283021,21.15117133748518,78.24136991333222,21.523907472099022,78.32898536170848,21.908149604101897,78.44448765019368,22.546172955588787,78.54203871248203,27.286918818001173,78.22242050044201
764,ice_conc_nh_ease2-250_cdr-v2p0_198304231200.nc,1983-04-23,1983,4,23,19.061104334368828,78.01827595190007,19.35784559534405,78.1479173145563,19.936820091793738,78.23567528263251,20.28253676564016,78.31986925611677,21.262677382976886,78.41826601620892,21.726117413537917,78.43432830376703,21.95722511395099,78.46694616621033,22.537170388346272,78.55537703638667,24.568141788559053,80.86118335719716
765,ice_conc_nh_ease2-250_cdr-v2p0_198304251200.nc,1983-04-25,1983,4,25,19.10105584576466,78.77071698939771,19.10105584576466,78.77071698939771,19.289735267959802,78.24255459472116,20.344846799929613,78.36375951440667,21.50060616811002,78.38392548632038,21.698680313038473,78.44137131760836,22.114162996735832,78.5363987770343,22.456880860562254,78.64890689758518,20.02138218341713,80.61636932505876
766,ice_conc_nh_ease2-250_cdr-v2p0_198304271200.nc,1983-04-27,1983,4,27,18.288091749536534,78.08225443123386,19.956601799032192,78.02565244452893,20.039446576446164,78.12269277598574,20.104550154165963,78.23603321994875,20.76390606359351,78.30490198859454,21.721868350838164,78.45581324393389,21.949220463117285,78.53200800734464,22.19953725998419,78.66874786704334,23.56473431001342,79.60424907559711
767,ice_conc_nh_ease2-250_cdr-v2p0_198304291200.nc,1983-04-29,1983,4,29,18.568317519881404,78.01676588027165,19.163701074090966,78.084299022525,19.940419842072426,78.081943368975,20.18544553246839,78.13117154033853,20.570209209711308,78.26704215068456,21.436430455828486,78.36838483025332,21.820685440849875,78.40472013785688,22.395310703799858,78.54644050478798,23.35461267732342,79.16855955748446
768,ice_conc_nh_ease2-250_cdr-v2p0_198305011200.nc,1983-05-01,1983,5,1,19.826264122209984,77.8612464791954,20.142389393581183,77.97168690774848,20.232150173495658,78.05572494469094,20.99654474338973,78.13708106016769,21.062448592317228,78.2512808443519,21.695281351024818,78.36204677518597,21.99070570684888,78.3920338813041,22.33559372941162,78.49073695223065,23.558896938513765,78.98678235721535
769,ice_conc_nh_ease2-250_cdr-v2p0_198305031200.nc,1983-05-03,1983,5,3,19.49051014445798,78.03005661098052,19.988279295104487,78.07646714046096,20.056905702555277,78.18153292583568,19.876352227401284,78.31161869504425,20.50092555820102,78.29564530738435,21.600599675592058,78.46340357998356,21.840822470978846,78.48685785011153,22.409965336870332,78.56764219849697,20.019810439399123,81.18240126034863
770,ice_conc_nh_ease2-250_cdr-v2p0_198305051200.nc,1983-05-05,1983,5,5,19.128021738368577,78.06682920119174,19.61814978613809,78.08724073515141,20.18491164660303,78.16870524166156,20.136869563302955,78.23612832202288,20.823068580612297,78.26631236006286,21.724192091214704,78.47936028462172,22.072201381910233,78.45502942996725,22.334890945315312,78.53871810574906,23.407561480868104,80.91356645337905
771,ice_conc_nh_ease2-250_cdr-v2p0_198305071200.nc,1983-05-07,1983,5,7,21.52379167017769,78.1296890296789,21.529232877367768,78.23821207705755,21.66594975570804,78.32624290101239,21.257058655183126,78.55155975538182,21.870070755972254,78.52264494620476,21.942886345957934,78.54278462280413,22.095470059491028,78.59249532831507,22.686089378567416,78.77646287630715,25.234370824649325,81.56275835595335
772,ice_conc_nh_ease2-250_cdr-v2p0_198305091200.nc,1983-05-09,1983,5,9,19.84326799673627,78.0574101873949,20.101396054638837,78.14450369805857,20.431984397578045,78.23635760747906,20.420208992305703,78.33183425306527,21.82275917633,78.48541379402734,21.93175151124443,78.54616459733138,22.119860705862102,78.63426985135585,22.446417188878957,78.75047682384036,23.410816707797824,81.19858984331243
773,ice_conc_nh_ease2-250_cdr-v2p0_198305111200.nc,1983-05-11,1983,5,11,21.461104624429037,78.05209738839132,21.38806367550815,78.20117435406395,21.068756227718076,78.39241831674381,21.629357935749578,78.35988348653915,21.79807033726668,78.43609959696862,21.886951800498423,78.4731385575517,22.0406627669541,78.50564672993806,22.771253044776447,78.61561718465845,17.56690752828636,84.14740286793439
774,ice_conc_nh_ease2-250_cdr-v2p0_198305131200.nc,1983-05-13,1983,5,13,19.217266505863286,77.93872426112267,20.078832244601916,78.0262199855458,20.291167164208822,78.10786173945203,20.4990203126204,78.19939656672639,20.923421193494267,78.24173649991215,21.95930284157217,78.36896757634071,22.02666810323406,78.38184619923116,23.99223445811317,78.4600065124027,21.833032056923198,83.9544822827095
775,ice_conc_nh_ease2-250_cdr-v2p0_198305151200.nc,1983-05-15,1983,5,15,20.005215289225557,77.9909174958513,20.128287110112904,78.10000090546946,20.22167374433577,78.21644650537621,20.684297215830746,78.22402348856004,21.943704307751887,78.40295455119401,22.105113577344877,78.45263474429898,22.357357688910945,78.46194428962063,22.416258338374185,78.52265710954487,16.011814201103537,82.63831016131142
776,ice_conc_nh_ease2-250_cdr-v2p0_198305171200.nc,1983-05-17,1983,5,17,21.609366501940702,78.05811575726092,21.6563957695281,78.19005765052198,21.614733423364108,78.33159632251734,21.88683176957589,78.40040376425864,21.944842958312954,78.43162723256975,22.25825372235473,78.43929805768957,22.434235555741097,78.45352712670842,22.507415531834603,78.51491642597479,27.03346719467767,79.41453048547633
777,ice_conc_nh_ease2-250_cdr-v2p0_198305191200.nc,1983-05-19,1983,5,19,20.925414524993517,78.12971824593151,21.150985288665357,78.2939509736974,21.458342133086862,78.32903889305337,21.561133138326106,78.42091875998034,21.725042649113636,78.48953732369962,22.030514141474875,78.47470391417816,22.476459504354626,78.47287710695343,23.121490708940094,78.58858726369627,29.562147206159167,78.68130558836157
778,ice_conc_nh_ease2-250_cdr-v2p0_198305211200.nc,1983-05-21,1983,5,21,21.636096675401745,78.14862258746949,21.258657286308583,78.3902726379669,21.754001019002917,78.36754170078332,21.76703923532068,78.44272574248632,22.015997352950343,78.48564889897793,22.391149672690155,78.46314781318564,22.506883762282463,78.54742801180709,22.523494397487827,78.68729239725495,17.881420584640285,82.5764789848544
779,ice_conc_nh_ease2-250_cdr-v2p0_198305231200.nc,1983-05-23,1983,5,23,21.340551589623146,78.09017449451018,21.06811320436681,78.36946584998081,21.36544163427349,78.36298150904094,21.501465177871943,78.474240756965,22.216950365593068,78.39798585639507,22.376682310226727,78.49005858571758,22.681710922978937,78.52837143634822,22.82902011254174,78.67019988776045,19.05163863000765,82.66596500512287
780,ice_conc_nh_ease2-250_cdr-v2p0_198305251200.nc,1983-05-25,1983,5,25,19.652572391349704,78.08564424586643,19.52171951237219,78.31823506414372,21.402810066780198,78.38589514093576,21.61871920973336,78.47546450689993,21.948600935415428,78.45675486229506,22.195388731055232,78.51176814880837,22.427145865068148,78.57850965083868,23.660978221788316,78.78617090330296,19.871738715755566,82.83329253512736
781,ice_conc_nh_ease2-250_cdr-v2p0_198305271200.nc,1983-05-27,1983,5,27,21.12766843797938,78.21606046743975,20.850189859268195,78.45055056003751,21.69268574983946,78.41467756826637,21.93309034499671,78.49088833058647,22.186230770590612,78.51795505952437,22.201024998160012,78.57898836531511,22.407263202527734,78.6112011253324,24.07973633975819,78.89368854082288,23.80649344501606,82.96789249379671
782,ice_conc_nh_ease2-250_cdr-v2p0_198305291200.nc,1983-05-29,1983,5,29,21.157391104742217,78.20764046112234,20.88317165848997,78.43080696893024,21.681890268432937,78.40044896142048,21.834000046370406,78.4546079908399,22.06485589133841,78.50676376802382,21.979647149369242,78.56204377607546,22.209697449611404,78.6225017897098,24.01921148286099,78.89614957102415,20.760525333194366,81.67575849482103
783,ice_conc_nh_ease2-250_cdr-v2p0_198305311200.nc,1983-05-31,1983,5,31,21.29203408493471,78.16536708158515,20.78671702363774,78.42008019196116,21.940260357384016,78.41784508122934,21.92016701917296,78.47745672218073,22.09900713511255,78.48623971804379,22.17609588553976,78.54110064169095,22.231433887547276,78.59621594332945,23.617747233153526,78.82369552978393,22.17649229136539,81.60864289601419
784,ice_conc_nh_ease2-250_cdr-v2p0_198306021200.nc,1983-06-02,1983,6,2,21.40494804129418,78.21310069299491,21.764940492363937,78.2583997356786,21.940239507929185,78.38669213740258,21.90252916011187,78.4601022514945,21.968681743591507,78.5371837477471,22.26268686745555,78.54552380956898,22.31998274974127,78.61342978284188,22.33171674426688,79.08959371930648,29.428294888245304,81.20004042975586
785,ice_conc_nh_ease2-250_cdr-v2p0_198306041200.nc,1983-06-04,1983,6,4,21.25246422508625,78.18589179410449,21.595645507221878,78.26842854260401,21.6278867177912,78.42519231720509,21.701107389339725,78.47406876392236,21.838422312838215,78.51185670117525,22.25055433319199,78.5460616177189,22.712441548928386,78.69313887501936,24.0613451667928,79.56852729575688,27.835922217629733,81.3324689253626
786,ice_conc_nh_ease2-250_cdr-v2p0_198306061200.nc,1983-06-06,1983,6,6,21.115658715237238,78.25099869398504,21.36475972007873,78.34703012777568,21.46642443045306,78.47293297662311,21.551215567146198,78.5102795032791,21.851478890491002,78.59855800505609,22.018679913845403,78.61099645764996,22.083205779210182,78.74012714549947,21.85097423812815,79.80504402840667,29.55074240868278,81.78276565369622
787,ice_conc_nh_ease2-250_cdr-v2p0_198306081200.nc,1983-06-08,1983,6,8,21.24085887239383,78.26671465244169,21.19590574846467,78.38857371274109,21.609356375269996,78.46609705087167,21.55417672057018,78.51415274687871,22.077099008061744,78.61021702482678,22.235657411595387,78.65917749743677,22.159218387910563,78.7439620771159,23.59021933458452,79.58629855953143,23.33720464331772,81.6475195940512
788,ice_conc_nh_ease2-250_cdr-v2p0_198306101200.nc,1983-06-10,1983,6,10,21.02985555902778,78.27298367930631,20.98872435273643,78.39296341423041,21.366907163127173,78.52491010049074,21.573147098027537,78.54570011953027,22.450815951501802,78.62535963521243,22.257514131447333,78.69082939974757,22.37456850161632,78.79870341351509,23.196167464871266,80.12853584007478,29.34410331243528,81.6680702000551
789,ice_conc_nh_ease2-250_cdr-v2p0_198306121200.nc,1983-06-12,1983,6,12,20.93745804109653,78.35865878288043,20.658263122240687,78.5318414100336,21.49856354937573,78.52576262929641,21.588570838988126,78.60599364879641,22.13006401698853,78.68508222212387,22.058942689612003,78.69719135581457,22.25722942953271,78.84016723184958,23.380085602175882,79.85779651048469,28.566103711727056,81.49462691671557
790,ice_conc_nh_ease2-250_cdr-v2p0_198306141200.nc,1983-06-14,1983,6,14,20.89671181791817,78.41562219830833,20.940917978531434,78.59050010794572,21.709990699567797,78.62687228903002,21.720741871557774,78.68568817137965,21.908165571098223,78.75373688478793,23.158327840076197,79.34004353848383,23.41659770645197,79.56446537550661,18.853890230143413,81.07385325787091,22.452501710332893,78.75947070612563
791,ice_conc_nh_ease2-250_cdr-v2p0_198306161200.nc,1983-06-16,1983,6,16,21.038753403398477,78.35534467895549,21.04150202912713,78.49765418207312,21.568270780154077,78.56247040517422,21.753323504862784,78.64712265944154,21.90767770951207,78.73707275934306,23.350673032519325,79.29745635900784,23.35461443153764,79.47088787005785,27.412299330695685,78.76621200483596,23.421753142342347,78.54701856453943
792,ice_conc_nh_ease2-250_cdr-v2p0_198306181200.nc,1983-06-18,1983,6,18,21.412481832096013,78.42196495568454,21.330183738365374,78.52406442365404,21.468233942575424,78.61822571536915,21.796198283748144,78.7131601559756,23.265930679994536,79.20167619012734,23.776487364349308,79.32107432763095,24.828930110866082,79.61799256709129,18.614332175636306,81.17510245337996,19.838448133874486,78.04241658664239
793,ice_conc_nh_ease2-250_cdr-v2p0_198306201200.nc,1983-06-20,1983,6,20,21.65515814595377,78.33098008083383,21.46714394142689,78.49794002151701,22.14876076909159,78.5655110212856,23.31431605996639,79.11027222741036,22.871318875168445,79.39165331470818,25.33531285283706,79.49787841638782,22.075442780560635,80.72925029957095,22.165849990851104,81.4592355951173,22.794278145532058,78.4464568643487
794,ice_conc_nh_ease2-250_cdr-v2p0_198306221200.nc,1983-06-22,1983,6,22,21.5363779630575,78.33409153059358,21.453672243840863,78.47042915112478,21.46181153133559,78.61690936508941,21.929868343190332,78.69289308307815,22.807532432741585,79.1923604353985,24.39771191369722,79.45628153430134,25.241851063406532,79.54205174861316,22.010954738015595,81.18630941854506,29.210973459106675,84.34704543714986
795,ice_conc_nh_ease2-250_cdr-v2p0_198306241200.nc,1983-06-24,1983,6,24,21.224180982386724,78.43642548815536,21.2273913191393,78.55441535359819,21.278708531268677,78.69563849754849,21.793903521088108,78.76263942942374,22.60110844951908,79.34034145006568,23.38141961451869,79.42300005570553,24.39375297246526,79.67070208938918,22.422645602665305,81.03777067205858,17.957595590313673,82.80318389502911
796,ice_conc_nh_ease2-250_cdr-v2p0_198306261200.nc,1983-06-26,1983,6,26,21.20101681279324,78.47415040564363,21.127307606290014,78.59065172253709,21.595755689663772,78.76187628303204,21.849980457346025,79.28943897780098,22.72850114490743,79.444408514085,24.861996973709957,79.61424876280446,20.47810230699994,80.74352807032449,21.220998879093585,80.94549760664466,20.827689898106946,82.26564826097298
797,ice_conc_nh_ease2-250_cdr-v2p0_198306281200.nc,1983-06-28,1983,6,28,21.253769538828358,78.48532404729289,21.057634348319954,78.72095156456074,21.56371118139353,79.24514090081315,22.268722009930606,79.35846512179613,24.308754352773715,79.60750648614282,21.370373439047977,80.66625076049098,20.317054265072343,80.88486857387925,20.6029964794135,81.06156021415268,24.013368298504826,82.18848906551933
798,ice_conc_nh_ease2-250_cdr-v2p0_198306301200.nc,1983-06-30,1983,6,30,21.24919632654025,78.52799862003462,21.239362607623544,78.7178644226698,21.286671834791957,78.878812847661,22.569504561244692,79.44465665807516,24.005991723734304,79.6496532113283,21.116502984959663,80.667678008998,20.51511330786125,80.88213275762165,20.576232266374724,81.00961279638054,22.370424535117397,81.7850491024969
799,ice_conc_nh_ease2-250_cdr-v2p0_198307021200.nc,1983-07-02,1983,7,2,22.120450605887587,78.96271649645439,21.33840026148052,79.19588270162461,21.479796796246756,79.32128386078719,22.839201770635825,79.56031522150063,26.12730865686924,78.93802804232892,21.3810393991388,80.6883981924273,20.298860999988893,80.94477019438546,20.573058052286168,81.13071776308924,21.97846015094576,82.32598588918862
800,ice_conc_nh_ease2-250_cdr-v2p0_198307041200.nc,1983-07-04,1983,7,4,21.578267904175792,79.11972415581445,21.263570136027596,79.25895768927694,21.69433888884983,79.40167722245769,23.87167974826499,79.64442687274727,25.88595436145466,79.0739665477088,20.15093462617172,80.87655665341423,21.457985304293793,80.97659722919292,20.589500641313723,81.81642291245831,7.370265191123821,83.57452593701616
801,ice_conc_nh_ease2-250_cdr-v2p0_198307061200.nc,1983-07-06,1983,7,6,21.3089141929875,79.22695667685241,21.311969225822104,79.29361900864399,22.95285580407396,79.5077629509263,24.01976304838197,79.75632562463836,20.867345554431584,80.7660601501952,21.935559584213227,80.95708699179612,20.835010500455326,81.34245464811998,4.9352468113976515,84.74905703325783,,
802,ice_conc_nh_ease2-250_cdr-v2p0_198307081200.nc,1983-07-08,1983,7,8,22.937297650747723,60.21818926945164,21.31112568449564,79.33643867908779,23.401498989792685,79.57950084831506,26.81994152009935,78.99778452919826,19.183660337229377,80.89721818251958,20.950928964081633,80.99771399991106,21.082297854340236,81.40382404427002,10.62903308967476,81.86274993045329,,
803,ice_conc_nh_ease2-250_cdr-v2p0_198307101200.nc,1983-07-10,1983,7,10,22.845588888318666,60.173435469045835,21.153016898257068,79.45696792148355,24.46208259651314,79.6993846749701,26.388513594399473,79.08330846158138,20.66108869376348,80.92616083734448,20.55401937429079,81.06529785283594,20.557090277346575,81.42926265373548,8.881188244855633,82.12209182509226,,
804,ice_conc_nh_ease2-250_cdr-v2p0_198307121200.nc,1983-07-12,1983,7,12,21.092392769926853,79.18631111836538,21.352773945274407,79.36210317855704,25.06784990045493,59.97019175394909,25.795405601985482,78.84459051805322,21.65575569595643,80.79963950623136,21.14387853117729,80.95306587069696,11.79918203611215,84.31691816122598,38.80432236946285,81.46089651396494,,
805,ice_conc_nh_ease2-250_cdr-v2p0_198307141200.nc,1983-07-14,1983,7,14,20.9124870373188,79.1682756812199,20.480464522283533,79.4121371870074,24.88893714733773,59.95607965984103,25.92994797078393,78.98526096560272,20.449707439298884,80.73256050938365,20.43394468971859,80.88011784257965,20.805934059199444,80.98761511228899,22.66350761367948,81.71670731202384,14.709883452069294,81.81599813839927
806,ice_conc_nh_ease2-250_cdr-v2p0_198307161200.nc,1983-07-16,1983,7,16,20.784353001903774,79.2240226006635,22.931496893622324,79.50125046207935,26.679727451033816,78.80709242522295,19.718648141602856,80.6217578048767,20.233731089103156,80.74032886714707,20.30621641854675,80.9788745637088,20.001528209206295,81.45501290802835,21.607825589508355,83.98483627218549,29.760430947422435,60.11526628644125
807,ice_conc_nh_ease2-250_cdr-v2p0_198307181200.nc,1983-07-18,1983,7,18,23.63048907337306,79.23555132383622,24.01316490950681,79.40521130820304,23.88964182581636,79.44767551875526,20.20222727278869,80.50664569143242,20.980951149814143,80.61875394248423,20.901540676254918,80.84143664983608,21.497646143584824,81.01594258745453,24.788788199445197,82.00390011477857,14.133709812018585,83.36495197807302
808,ice_conc_nh_ease2-250_cdr-v2p0_198307201200.nc,1983-07-20,1983,7,20,22.5423233810068,79.31303867759775,22.568733785986055,79.54636353579669,19.75820750908796,80.41896993539547,20.33308923801888,80.54640949019658,20.995950907517763,80.7696134650739,20.3979752081593,80.92985016401973,19.647473323927862,81.39808746337289,20.631773329528418,81.73503120799771,17.354782453307845,82.13745384022391
809,ice_conc_nh_ease2-250_cdr-v2p0_198307221200.nc,1983-07-22,1983,7,22,24.401457717638745,79.28669761071474,22.787432128580836,79.51219084489293,25.112841851670083,59.93220296328348,20.292016075790695,80.56591329869335,20.730337584134954,80.81261260030831,21.265027370595902,80.91972032016999,18.936369272770435,81.36473593626872,19.959387233530485,81.58218050371465,15.495112803092812,83.28467425309813
810,ice_conc_nh_ease2-250_cdr-v2p0_198307241200.nc,1983-07-24,1983,7,24,25.043733263776016,79.37913389500387,22.776642891829205,79.59437213956205,25.66925603509747,59.828814701978786,19.81312794984849,80.67391012527231,20.773483835439677,80.91529159529944,21.07202381904153,81.09489189928978,19.84213405780553,81.47985832726415,20.914516798300017,81.75659301635635,15.938140448307228,83.57602578231716
811,ice_conc_nh_ease2-250_cdr-v2p0_198307261200.nc,1983-07-26,1983,7,26,23.108418398177648,79.41955975957342,24.48851611462922,60.07035243142206,25.11047478366119,59.94720234590394,21.096613939270732,80.83270397476414,21.307187319340166,80.99587656451274,20.051794197648817,81.44628841705679,20.04182455950489,81.6693584443274,18.402420264401893,82.03426703543931,9.272443337773867,82.3964485790119
812,ice_conc_nh_ease2-250_cdr-v2p0_198307281200.nc,1983-07-28,1983,7,28,23.326585055988684,79.34740294395337,24.633593660296444,60.06648378491553,24.795125524824993,59.92187136919116,21.51768510010146,80.74367295762934,21.328666756174833,80.96732835229668,20.43240705792554,81.38864478706377,20.28774587143549,81.61649715425055,21.227528661537452,81.97918300703932,18.506139715965503,86.33775789805217
813,ice_conc_nh_ease2-250_cdr-v2p0_198307301200.nc,1983-07-30,1983,7,30,24.18610786934176,79.36455117345263,24.48851611462922,60.07035243142206,25.10704085361432,59.942089539121426,21.302656708432583,80.80517614944839,22.081716185460575,80.94725788150483,20.891850097490167,81.36620339008104,20.097879388304467,81.56659370896077,21.9187823728966,81.81649374885208,28.031713569233553,84.20032307399684
814,ice_conc_nh_ease2-250_cdr-v2p0_198308011200.nc,1983-08-01,1983,8,1,21.299898964901622,80.24275012091528,20.05477773686188,80.53369822631659,19.788186401892208,80.6889931099861,21.714659029895397,80.91645447582687,21.67051214065535,81.20296857220355,20.482673256375197,81.41814268782207,20.710743672402305,81.64344023482846,18.82892745446142,81.88042658180517,23.582403238591652,84.28535381340897
815,ice_conc_nh_ease2-250_cdr-v2p0_198308031200.nc,1983-08-03,1983,8,3,21.891444023053744,79.75760279273682,19.72654371772088,80.48844957764986,20.41436798185171,80.68955704040603,22.050860927531296,80.89334177159768,20.996285961343876,81.25183379995376,21.14002654341336,81.45708829759347,21.23722941778914,81.68452797562345,19.313440407189773,81.97018347625115,5.745099475583324,83.09371966959512
816,ice_conc_nh_ease2-250_cdr-v2p0_198308051200.nc,1983-08-05,1983,8,5,17.5477342440217,80.40643598977375,18.636413487322006,80.68202619131583,19.323135468274817,80.85285533734154,20.469746721309384,81.1782884578203,20.401697925231332,81.36004895413735,20.462284490691193,81.53317212479051,21.158338474710384,81.76578414714866,18.95558567309786,81.98832493160371,19.738586581573756,83.858728285931
817,ice_conc_nh_ease2-250_cdr-v2p0_198308071200.nc,1983-08-07,1983,8,7,17.83392121716091,80.34298844791871,19.37108096197773,80.62297184887974,20.017390671317052,80.78239706535942,21.47794632225814,81.05503176708018,20.36534041888354,81.36209013315144,20.147559809690136,81.51972940476739,20.8393501168669,81.72873120776904,19.048979516833697,81.89910219996615,22.38719308496738,83.24610277934417
818,ice_conc_nh_ease2-250_cdr-v2p0_198308091200.nc,1983-08-09,1983,8,9,18.84475027200681,80.4349242225432,19.470107052343394,80.64097461150405,21.88574064266516,80.88812197014583,22.08850279497335,81.16647364247713,20.494232913970972,81.43324771000711,20.23255712295115,81.57992715785838,21.449726724910214,81.74483842026007,19.450941232063794,81.9330809563339,17.043372221193543,83.67561294669024
819,ice_conc_nh_ease2-250_cdr-v2p0_198308111200.nc,1983-08-11,1983,8,11,19.613227841109424,80.56954534466595,22.288388394686763,80.81297757494129,22.12768601421333,81.10746189761421,21.021733733901733,81.3109724439876,20.143141504299756,81.53563315441778,21.29583580568144,81.72564362329425,18.76739815716924,81.91845229520436,18.94852441149662,82.20308293358849,,
820,ice_conc_nh_ease2-250_cdr-v2p0_198308131200.nc,1983-08-13,1983,8,13,21.138069502448037,80.612746425047,21.649411100331736,80.826505991018,21.569712123579436,81.15144161689625,19.83820819713107,81.37543620638814,19.668501256909327,81.54138727206102,19.933431655077918,81.67723834643246,18.911581447007862,81.8708053899387,18.420923920228198,82.03253889431026,13.287062516968513,82.78465272231198
821,ice_conc_nh_ease2-250_cdr-v2p0_198308151200.nc,1983-08-15,1983,8,15,21.827173170086272,80.58055085311149,21.82754280479032,80.84128001293351,22.135735516840118,81.14445837601126,20.604600656076283,81.42202882101897,19.66576313324227,81.54955093378102,20.40362244891095,81.76119157324247,18.782633632382414,81.96457589461362,18.91087400715912,82.26589160650991,13.760548057025343,82.96672492840001
822,ice_conc_nh_ease2-250_cdr-v2p0_198308171200.nc,1983-08-17,1983,8,17,22.28388570318013,80.57520073758413,21.956814570036855,80.85183679075911,19.563714793922085,81.28821303181235,19.69372051341634,81.41911342821123,19.40212192394001,81.56504052519689,19.71370421386763,81.73066222065418,18.540644688423722,81.8551935139113,18.464816474236994,82.03255094144161,13.482103143768878,82.52981119489836
823,ice_conc_nh_ease2-250_cdr-v2p0_198308191200.nc,1983-08-19,1983,8,19,20.6024613837364,80.56768713759497,19.877038740000344,81.02663959106366,20.001562984983803,81.1796513536921,19.840158770013417,81.31962929805927,19.22953137348694,81.43728349257017,19.68077884249301,81.57725978297141,18.672806916564276,81.75426625444756,18.26399890799573,81.88010449764785,19.699563482077796,82.31624172640252
824,ice_conc_nh_ease2-250_cdr-v2p0_198308211200.nc,1983-08-21,1983,8,21,20.023150986137292,80.39363606187457,18.967500865191845,80.81211550687925,18.914812990839874,80.9718300859601,20.058316375236068,81.15271361387009,19.930481095065932,81.31334362877618,20.662891291519223,81.44784340127597,19.100349525991536,81.60714747406122,18.650026478296446,81.90675095791215,17.4927118492399,83.32910666595629
825,ice_conc_nh_ease2-250_cdr-v2p0_198308231200.nc,1983-08-23,1983,8,23,20.446441943108017,80.46896471787721,18.98511527029147,80.85166339077625,20.400994749155736,81.04155927897361,19.635284779822012,81.1535380160997,20.36395357279181,81.28744225659506,19.9399872832425,81.40547315836068,20.074750279342155,81.55329224538622,19.250187638525205,81.81780297423617,20.739389798064785,83.33398974793579
826,ice_conc_nh_ease2-250_cdr-v2p0_198308251200.nc,1983-08-25,1983,8,25,20.28485333768536,80.42629116206089,19.774080123905375,80.76524597641003,19.793438269937912,81.00381142101526,20.01448430019718,81.1851234571866,20.531449045293837,81.30262638379958,19.783875675820116,81.46560130964473,18.283456601700433,81.69640742895076,19.607026510507158,82.15932878783295,10.941704179706635,83.70675475650899
827,ice_conc_nh_ease2-250_cdr-v2p0_198308271200.nc,1983-08-27,1983,8,27,19.5291073815223,80.30352071550523,19.52883975306384,80.6652860503369,20.389515485373092,80.94262538635152,20.280782437582246,81.09061183908233,20.06444837962876,81.25715851325643,20.392825106524544,81.42404510493947,18.904800437754098,81.66458739417074,18.980568228411897,82.07992734940501,5.7182897799821175,82.56321275618599
828,ice_conc_nh_ease2-250_cdr-v2p0_198308291200.nc,1983-08-29,1983,8,29,20.02328974304243,80.38098820243614,37.029188845763464,64.78535749620721,19.6481431582816,80.9555991239116,19.01032900494921,81.10215021339584,19.69500600436819,81.30889994246874,19.771288112229517,81.4783294490678,19.295017988798573,81.67349050000061,18.733753073648966,81.89267254593292,9.613554867217985,82.79660461806606
829,ice_conc_nh_ease2-250_cdr-v2p0_198308311200.nc,1983-08-31,1983,8,31,20.049132049357983,80.37993054324936,20.279041284405405,80.67160749966727,20.321034583866123,80.98687665632724,19.3814426117231,81.12742883888424,19.493268423962093,81.30906665300547,21.38312756784807,81.54608780580153,19.58723438420839,81.72101071092955,20.40690173909584,83.24290684097313,11.250649100879725,82.84286907232237
830,ice_conc_nh_ease2-250_cdr-v2p0_198309021200.nc,1983-09-02,1983,9,2,20.163819954771522,80.3233719809261,20.273996565613835,80.54395979233624,20.892338361907065,80.7713170532029,19.388441766873893,81.08847707770491,18.98143196937348,81.22377940043386,19.770397084508875,81.45089353183378,18.931942654997336,81.6676429916183,19.167400994688364,82.97639847566585,10.187166949624322,82.15583684365707
831,ice_conc_nh_ease2-250_cdr-v2p0_198309041200.nc,1983-09-04,1983,9,4,19.599334378460433,80.55236367904898,20.224495484071937,80.76615307949083,18.8356090027587,81.10038188757402,18.96260406935817,81.27050966461383,18.475883253408714,81.39880478093077,18.649717192838327,81.59644580031775,17.951898368805978,81.78028812801493,17.3624111578092,83.23413861049868,7.603559446176234,81.92898245869148
832,ice_conc_nh_ease2-250_cdr-v2p0_198309061200.nc,1983-09-06,1983,9,6,21.781660118457527,80.70344156992205,22.447097578788846,80.87298025644557,19.23961179901234,81.1904500395863,19.346152292304275,81.32603831367743,19.084731731540742,81.43201452139273,18.80545119639052,81.61999170792286,18.259863738868752,81.77766616842005,21.2126897406575,82.83223617734218,5.248612071940772,81.51029022610713
833,ice_conc_nh_ease2-250_cdr-v2p0_198309081200.nc,1983-09-08,1983,9,8,21.799927171690776,80.80550278648845,22.035157732930745,80.99276606705811,19.85232952428667,81.3138312730325,19.75344713671457,81.45496962626889,19.601471908727337,81.55120057766597,19.143515744876733,81.69222784969278,18.850684751459998,81.78645960638559,19.338158248173524,82.13368926376756,3.092175005380271,83.6783608523452
834,ice_conc_nh_ease2-250_cdr-v2p0_198309101200.nc,1983-09-10,1983,9,10,21.99776074491316,80.90248583826482,21.93986166841719,81.04709444245728,19.35195006307997,81.30994983917155,19.40798465658184,81.46745964183583,20.16036362167463,81.58474436246802,19.146880044783366,81.68395917384585,18.718603903852987,81.7711069558462,18.481983872276697,81.91382472828941,15.869224261860547,82.82015962409787
835,ice_conc_nh_ease2-250_cdr-v2p0_198309121200.nc,1983-09-12,1983,9,12,22.969682418898373,80.94831504191144,19.221866894020973,81.23813500983835,19.199120403756016,81.3608495743778,19.03779399736553,81.475930544484,18.88125577471242,81.55403505392242,18.839344860846502,81.6659940676698,18.680702627659397,81.7371483859022,18.633720071029558,81.85169029983051,18.139077261107175,81.99993567121071
836,ice_conc_nh_ease2-250_cdr-v2p0_198309141200.nc,1983-09-14,1983,9,14,21.48695883386451,80.85447929156052,19.84073950832505,81.17054782074847,19.197899470059856,81.30170956070856,19.442690465684308,81.45306690361281,19.01107524453763,81.54119696850148,19.259949477675057,81.62794707345121,19.107014621664735,81.71184679863623,19.021289773630443,81.83852503390897,12.201386209057874,82.3855980375567
837,ice_conc_nh_ease2-250_cdr-v2p0_198309161200.nc,1983-09-16,1983,9,16,20.154302281374935,80.69517062237892,19.1799522077854,81.02769523801139,19.121980003170428,81.195057183942,19.21117502135398,81.32927140624756,18.829322953290042,81.42807086580319,18.974553356177257,81.55583404041995,19.15015683125923,81.67568663441149,18.73164345263966,81.85872284931986,8.76004949441197,82.77443439338715
838,ice_conc_nh_ease2-250_cdr-v2p0_198309181200.nc,1983-09-18,1983,9,18,20.863884697317832,80.61804059055945,19.195940444280275,80.9010787623044,19.0221002137802,81.07195560537743,19.007426019134154,81.19988764594089,19.34320692024361,81.33411786370732,19.871419130654957,81.47326842542958,19.456826187267975,81.60706780820654,18.871753978453537,81.841065032691,11.257158092357399,82.49308195432768
839,ice_conc_nh_ease2-250_cdr-v2p0_198309201200.nc,1983-09-20,1983,9,20,19.002859481443895,80.75647784253756,18.52208510591703,81.01286806492483,19.24836472039198,81.16660580258616,19.09123127535468,81.27450140869648,19.34418462076426,81.38635487789651,19.07507135495294,81.48375490330095,19.149131246245066,81.59114872477437,18.998245470492478,81.91892184887246,12.756947827512906,83.38633387142492
840,ice_conc_nh_ease2-250_cdr-v2p0_198309221200.nc,1983-09-22,1983,9,22,20.697208763144253,80.62106976288054,18.952043506425895,80.9325848850933,19.645312731483596,81.1223500708589,19.2395709561923,81.19045032589534,19.465563135268496,81.32071929135161,19.4512071174369,81.42907076178909,19.67004463807326,81.51890922458861,19.219686793751727,81.65108055440318,10.834889563052899,83.14143178295471
841,ice_conc_nh_ease2-250_cdr-v2p0_198309241200.nc,1983-09-24,1983,9,24,20.00138988837954,80.66655141436075,19.39914766931507,80.97979066122275,19.11406917083692,81.12344378612403,19.21593423563119,81.25402707345651,19.06626933819501,81.33805297613547,19.434103321842272,81.47705372939556,18.84831427904679,81.56138778325891,19.123204984575292,81.81872852492457,9.027693506557286,82.21914512914795
842,ice_conc_nh_ease2-250_cdr-v2p0_198309261200.nc,1983-09-26,1983,9,26,20.821035568941134,80.68110512923897,21.250090254636945,80.86221283098014,19.84699350238845,81.14396913446492,19.153640739652793,81.28599978525496,19.429193153531873,81.38422552933282,19.706360348269204,81.48423599927348,18.97029130969358,81.63908593977493,18.73633412605899,81.85042218214932,14.682601113211648,82.42282395416446
843,ice_conc_nh_ease2-250_cdr-v2p0_198309281200.nc,1983-09-28,1983,9,28,20.705286043962474,80.86637897256261,21.57857114767656,80.95394749668097,19.47620250473096,81.20105707175564,19.7171136491341,81.33943057288431,20.172605623374157,81.44268868099664,19.5023012789333,81.53676198553174,20.143381120085674,81.66169338442701,19.123700388461753,81.78796156238491,9.281640659145184,83.3833967212067
844,ice_conc_nh_ease2-250_cdr-v2p0_198309301200.nc,1983-09-30,1983,9,30,19.53758373698198,80.75010146409036,19.970371019869404,80.94729119217372,20.017185762600175,81.08778139499081,20.117498958152467,81.21698716418601,19.613505419113274,81.31584252469831,20.22573971883221,81.47438225508192,19.21917736538319,81.61391358936766,18.978734160149905,81.77805990322129,8.094605829883013,83.03571844146457
845,ice_conc_nh_ease2-250_cdr-v2p0_198310021200.nc,1983-10-02,1983,10,2,26.08857121988868,59.882225792993445,26.16080691084631,59.90121374404834,20.16891458956065,81.10513366042387,20.04556790917349,81.21608778389464,19.737522328367188,81.34874562206544,19.29009574073199,81.46870288372466,19.14814824816616,81.62902510920485,19.218913834987042,81.82590315530048,6.0741104212180765,81.91604677896083
846,ice_conc_nh_ease2-250_cdr-v2p0_198310041200.nc,1983-10-04,1983,10,4,26.135093801005343,59.88744977983328,19.52673235132455,80.96254117147738,19.576250371980134,81.0857623263239,19.644223235848322,81.24258512209097,19.775749457909683,81.32442135393086,19.904277897032266,81.46210165244176,19.285302325943796,81.5617815544074,19.667738992552188,81.7311484139849,30.103296292779564,83.8313999819686
847,ice_conc_nh_ease2-250_cdr-v2p0_198310061200.nc,1983-10-06,1983,10,6,18.464724103480616,80.80116728020687,26.334625638916986,59.886539019011444,26.490307623426716,59.85640262279098,18.785620369440828,81.26694439049706,19.16325769629178,81.35609533235773,19.1493838953152,81.46934979427847,19.041750552853546,81.57786746289078,19.126671663484238,81.77855746869294,4.154245144102504,81.58124416872967
848,ice_conc_nh_ease2-250_cdr-v2p0_198310081200.nc,1983-10-08,1983,10,8,18.967878181190645,80.72949149418542,19.081755943469826,80.9735684636601,18.67199664856855,81.10360417634539,18.942739038942182,81.21684699886148,19.14411130809801,81.33293251578681,18.949012400716434,81.46475587902052,18.70962074450899,81.57170395040866,18.956613156223963,81.73332067957699,5.256349797058259,81.60077462278561
849,ice_conc_nh_ease2-250_cdr-v2p0_198310101200.nc,1983-10-10,1983,10,10,20.187846772892698,80.57312129281935,19.750628257690664,80.86889257328187,18.979953853157372,81.0856805784113,18.862622672597812,81.16659536449133,19.17214227648318,81.33301698021631,19.070724848344994,81.42499981496327,19.01302396946891,81.57626603614368,18.901431742961464,81.69935603586207,5.7791468271838315,81.91594258800188
850,ice_conc_nh_ease2-250_cdr-v2p0_198310121200.nc,1983-10-12,1983,10,12,20.586214988953035,80.56772766057804,18.876491810042943,80.8785853818073,26.54267581094423,59.91022246147943,18.962521587139946,81.27306679562952,18.31204795322292,81.37763845723616,19.06251417205613,81.50570382070669,18.711036574504625,81.65434200261788,18.75576467287423,81.83944320018911,3.6621592321138965,83.60826107485249
851,ice_conc_nh_ease2-250_cdr-v2p0_198310141200.nc,1983-10-14,1983,10,14,19.838612291605774,80.48986047894955,19.629311845781604,80.63769221382371,26.6521029267312,59.8671888146132,19.359358773073264,81.10180371156913,19.162580370232075,81.25018904727165,18.2258554564872,81.37476081882708,18.99626563954237,81.5278107991431,18.559951198613163,81.67457956608092,7.38698215756619,82.95244013010844
852,ice_conc_nh_ease2-250_cdr-v2p0_198310161200.nc,1983-10-16,1983,10,16,20.775070155508345,80.6985275033677,20.600276354051434,80.93492536890942,20.405597915327913,81.14570147645904,19.285126699389306,81.34716164528423,18.808278138094753,81.45377472799194,19.328555073514686,81.56938789642724,19.274320060080264,81.71361674736806,18.720443944951935,81.88008211759728,26.97357248338236,83.84361188300446
853,ice_conc_nh_ease2-250_cdr-v2p0_198310181200.nc,1983-10-18,1983,10,18,21.4692922144974,80.68402215540472,26.43682919881969,59.93100123136884,26.60141492493791,59.86552728939959,21.300009874394952,81.28100252748986,19.451723062339934,81.48081200163735,19.75053960672812,81.58626592971501,19.565538230931494,81.72972980170952,19.329964929820402,81.86436602471431,17.943037937444682,82.50850962292888
854,ice_conc_nh_ease2-250_cdr-v2p0_198310201200.nc,1983-10-20,1983,10,20,21.602175144581487,80.3171866135718,21.51544969212834,80.52688403690637,21.74315499555096,80.64637624490571,22.354575749710595,80.81880993882761,22.478750975026152,80.96758818253203,22.271041060224366,81.17560253281327,20.508342400986095,81.48851250610097,19.684495763450276,81.67608222539596,31.161135026094172,82.96346099024298
855,ice_conc_nh_ease2-250_cdr-v2p0_198310221200.nc,1983-10-22,1983,10,22,21.839546900462643,79.67011761571533,21.68165660310178,79.84590533677792,22.22860238213083,80.25032103163498,22.391346475622882,80.44984305697369,22.235089719638488,80.65935820796673,22.480090176713684,80.78915024158603,24.705320037705235,80.89546184141642,20.086644895373617,81.52069086693531,29.92299118740296,82.65815013328876
856,ice_conc_nh_ease2-250_cdr-v2p0_198310241200.nc,1983-10-24,1983,10,24,21.546600371491497,79.54417137958387,21.266047841121818,79.71832940253009,21.588909763740215,79.78295317866936,21.65124491973351,79.87238479943896,22.072225927666,80.36300349888874,22.338335770428948,80.5236264629718,24.173450304930427,80.68019155347858,20.334266902433278,81.38448145943389,29.896160621995307,82.51216568667671
857,ice_conc_nh_ease2-250_cdr-v2p0_198310261200.nc,1983-10-26,1983,10,26,21.848263622360395,79.32400170590925,21.777307945282733,79.47496907431771,21.638403259116014,79.58373463716318,21.744125654105126,79.64769265421744,23.08672953320434,79.73808452486152,23.51258701582339,79.86995995400659,24.353036388428222,80.4478234083203,20.08029887842543,81.33717446406224,17.014972288847535,84.47463785054818
858,ice_conc_nh_ease2-250_cdr-v2p0_198310281200.nc,1983-10-28,1983,10,28,21.03800617400527,79.33754195468778,21.45427761027803,79.42687861254008,21.245000458840714,79.53356132831168,21.819503359995064,79.61032633702716,22.911043654365784,79.71332179514798,23.423427716141497,79.80760374054282,23.135210602513173,80.49409454716073,20.644556815556477,81.1916805485849,13.575120378807778,84.36479006790553
859,ice_conc_nh_ease2-250_cdr-v2p0_198310301200.nc,1983-10-30,1983,10,30,21.37410738094022,78.67376702776606,21.69826840107582,78.73879951814845,21.528378801461148,79.02126269439509,23.10863752265742,79.17088950654092,23.618216330350496,79.45684642848904,24.133876207833747,79.6140654356621,24.74479191156726,80.3828227782267,22.021052245479382,81.22553734635689,21.01442384842914,83.36373302294626
860,ice_conc_nh_ease2-250_cdr-v2p0_198311011200.nc,1983-11-01,1983,11,1,21.44834642640785,78.54006526823979,21.39009202114588,78.66355856147298,21.895331382925466,78.84810196827851,21.694756591326385,78.93730182485133,22.929607937448186,79.16097292637913,23.82904702670461,79.37556375669618,24.512784864491284,79.67369194249757,25.275380803335214,80.4810101603558,19.327555902647497,81.88172749578942
861,ice_conc_nh_ease2-250_cdr-v2p0_198311031200.nc,1983-11-03,1983,11,3,21.876739392035468,78.42490394590705,21.557624214295906,78.55709813962935,21.33628121733774,78.7541147702789,21.803612729546565,78.79443637953428,22.347442041737683,79.02940455629167,23.086071428313485,79.23955721265389,23.76755212881189,79.49931991432459,24.219669203798034,79.92488992549916,24.509812296204274,81.58740973971003
862,ice_conc_nh_ease2-250_cdr-v2p0_198311051200.nc,1983-11-05,1983,11,5,22.043893237139724,78.29202836561947,21.980413661076888,78.47369578267049,21.60443462051735,78.6549444831891,21.639678295144314,78.72005885011467,22.21664421936983,78.76189586357475,22.971176188581875,78.89210730291825,23.24514658780325,79.2717095646785,24.795843299977268,79.6380462674717,18.455362926727165,81.77585778293145
863,ice_conc_nh_ease2-250_cdr-v2p0_198311071200.nc,1983-11-07,1983,11,7,21.349491510867182,78.29836701483923,21.126456549081468,78.56642084618639,21.95849630165649,78.55033226854202,21.99712396050928,78.66360182263502,21.83393251983202,78.7093439334917,22.773788655912554,78.70423256694342,23.793589553698926,79.03938124349429,24.914687020144513,79.4057056015547,21.93915813443482,81.20355166739218
864,ice_conc_nh_ease2-250_cdr-v2p0_198311091200.nc,1983-11-09,1983,11,9,21.539946357047278,78.23144661399468,21.10523575504952,78.48324774202878,21.522801320813606,78.4684273525129,21.723613885483672,78.58358235528709,22.587818904453353,78.58402365530313,22.99274145237522,78.62569886872893,23.022954358645823,78.75371034341924,24.59989595682117,79.22905093884594,20.613746250146033,81.18633674249057
865,ice_conc_nh_ease2-250_cdr-v2p0_198311111200.nc,1983-11-11,1983,11,11,21.44399180978129,78.21538623396681,21.44867138799312,78.291458482163,21.401028733859004,78.48302852392527,21.71128315010153,78.4660706501427,22.20115827189832,78.54894882373421,23.031951331524713,78.6178974555827,22.960048963499485,78.77428501530493,23.857105663447374,79.23034001497773,19.57132312994417,81.22275946054619
866,ice_conc_nh_ease2-250_cdr-v2p0_198311131200.nc,1983-11-13,1983,11,13,21.327385484013302,78.2253651318623,21.000129948927473,78.45830256421614,21.280552080506002,78.48725372599988,21.41472708615875,78.54340263570585,21.547011699560887,78.67739526830958,22.283046044606465,78.7321293393062,22.842059194470476,78.83999714051913,23.827270757346028,79.38891102493858,31.45069421266768,78.50957596409512
867,ice_conc_nh_ease2-250_cdr-v2p0_198311151200.nc,1983-11-15,1983,11,15,21.183785323591827,78.10481385953378,21.21988943110949,78.26592073285391,21.777409585370144,78.29489106648592,21.893142059120063,78.38031903678653,22.031956766730943,78.40100809814525,22.299336052283056,78.5076469065753,22.46455275302628,78.67343720983126,23.992755414165526,79.11365855714368,30.19195982230205,78.65473323319557
868,ice_conc_nh_ease2-250_cdr-v2p0_198311171200.nc,1983-11-17,1983,11,17,20.9897869873581,78.17181247857046,20.801135633122428,78.45035870097385,21.958918337251944,78.37715969591969,22.015432021215627,78.46588614598578,22.18162780947749,78.45279787825359,22.22698934817186,78.54926656975191,22.52495791096989,78.74860476946957,23.324207015413712,79.07731230095581,30.81020734997901,78.46873527096977
869,ice_conc_nh_ease2-250_cdr-v2p0_198311191200.nc,1983-11-19,1983,11,19,20.82143393857199,77.94904392175599,21.098340872505496,78.02492578462908,21.50749507838715,78.1735346318535,21.72120439701765,78.26380521769896,21.81780070874417,78.30924765898514,22.269951813363672,78.30171841704882,22.73435121077837,78.69217742907017,25.043296812471215,79.39264769747871,17.439111608458894,83.9837662147447
870,ice_conc_nh_ease2-250_cdr-v2p0_198311211200.nc,1983-11-21,1983,11,21,20.389487740750095,77.78620277498334,20.65570035111435,77.87463991851853,20.98724415849033,77.90321573017665,21.256035230711017,78.1298025972305,21.699548762844636,78.11858016906604,21.928631752826742,78.16827274368632,22.241525538885885,78.33565010465344,24.226528397928373,79.41852268213374,26.221538004703945,83.15651467168098
871,ice_conc_nh_ease2-250_cdr-v2p0_198311231200.nc,1983-11-23,1983,11,23,19.39265731202645,77.67556825384811,19.693017834767744,77.80892855694918,20.551821937146013,77.88119175988432,20.658047981432507,78.08349661059256,21.352125577515633,78.15204635322769,21.835009816675576,78.17873728601906,22.132604033803943,78.3874509959749,23.41002321447579,79.02218540231087,30.665853985579663,79.13001375860269
872,ice_conc_nh_ease2-250_cdr-v2p0_198311251200.nc,1983-11-25,1983,11,25,20.965736751819954,77.6754638278871,20.943592984785518,77.87228706373291,21.057925649886,77.95562521374896,21.426838391068255,78.05288447511612,21.548038813928063,78.12981496125931,21.892996294879616,78.15378091499296,22.049854847778263,78.23648858223484,23.933146030640028,79.0473015075157,27.7477466531164,80.2291545212082
873,ice_conc_nh_ease2-250_cdr-v2p0_198311271200.nc,1983-11-27,1983,11,27,19.760620741666756,77.76298041118858,19.85191748718477,77.8493691900813,21.315342619480035,77.92566301361067,21.11092536788882,78.1248106417047,21.40143937146544,78.18689337070636,22.087252460516016,78.1714351381963,22.308684658352735,78.35190606639769,24.106738510068762,78.96767582051231,31.275813214609666,78.97472778237965
874,ice_conc_nh_ease2-250_cdr-v2p0_198311291200.nc,1983-11-29,1983,11,29,19.823941312253748,77.60458222542333,19.778657099386965,77.67011270194678,20.048053526583125,77.79673083070111,20.503970239050517,77.8501613793726,20.594900476077235,77.93934184181074,21.821477786540008,77.99826619700762,22.181008759028863,78.13319156548971,24.12003783083446,78.55415161336417,19.88412726634139,82.36245888844248
875,ice_conc_nh_ease2-250_cdr-v2p0_198312011200.nc,1983-12-01,1983,12,1,21.069432621177675,77.63104766046722,21.312834365580898,77.76210117689168,21.433873774249065,77.8520718036808,21.12896550817552,78.00876156104182,21.64987134435153,78.05805684318491,21.899998032385742,78.15627071562503,22.28895400482854,78.14936267509965,22.63932688870948,78.30477023914041,29.49123330523501,78.1577913927298
876,ice_conc_nh_ease2-250_cdr-v2p0_198312031200.nc,1983-12-03,1983,12,3,21.078237452194227,77.96314932036394,20.688601452035183,78.31337194184978,21.328583580031893,78.29385714930832,21.79782333955328,78.28266974255756,22.06795904213401,78.38914130733751,22.27873664188416,78.39181885578805,22.60743308699419,78.52845640240288,24.32110042525937,79.1483141642987,29.60534610827767,78.45292588036884
877,ice_conc_nh_ease2-250_cdr-v2p0_198312051200.nc,1983-12-05,1983,12,5,19.854496734312004,77.74242018441943,19.770368292216407,77.98138198455446,19.951663950966342,77.99554719541797,20.47599629507791,78.02745827946785,21.82544005978445,78.09806327605291,22.167599192827115,78.132424082449,22.252963458740027,78.2348308079256,22.998780190312424,78.42556338060885,30.462264060638308,78.13986118910917
878,ice_conc_nh_ease2-250_cdr-v2p0_198312071200.nc,1983-12-07,1983,12,7,19.88789851657701,77.56645430028645,20.280745185952707,77.76200867517171,21.416979038570815,77.84337477913382,21.715920215509374,77.93090772443175,21.957733537836642,77.95041324298747,22.25796499181405,78.0424492339519,22.24013270229433,78.1570829546876,23.76709685334624,79.1898399893482,29.27830053528197,78.23806464640828
879,ice_conc_nh_ease2-250_cdr-v2p0_198312091200.nc,1983-12-09,1983,12,9,19.3963714642288,77.68755403207135,19.749754203546452,77.77663848835161,19.98448505173597,77.931955750228,20.398139705201327,77.96422705686346,21.565636026235758,77.94719580473922,21.84792675058281,78.08835889435281,22.064988895085186,78.10860026217523,23.683058890572934,79.1421416313643,20.301791650957043,83.11370492693253
880,ice_conc_nh_ease2-250_cdr-v2p0_198312111200.nc,1983-12-11,1983,12,11,19.596260129372816,77.63812306526141,19.530601101376533,77.77315074632271,19.985017520362625,77.83872616526624,20.048196778923938,77.9198453409198,21.336319628674197,77.97766791984435,21.698967274531945,78.02220775097501,21.912043479015065,78.09828602259647,23.466925951156398,78.68092255363528,25.570495939314494,82.53297892099144
881,ice_conc_nh_ease2-250_cdr-v2p0_198312131200.nc,1983-12-13,1983,12,13,19.402448064707375,77.67109970007994,19.54341966277215,77.69627210397798,19.804771607914798,77.8069301730648,20.0290059889068,77.84372936070035,20.14996241345403,77.9162225292118,21.71334232097747,77.90506646460875,21.900725724630714,78.06324233228746,22.294202326503296,78.07415718691438,29.510403741522087,78.36390022599844
882,ice_conc_nh_ease2-250_cdr-v2p0_198312151200.nc,1983-12-15,1983,12,15,18.7035707980289,77.73505944897119,19.084074416064926,77.76266346070865,19.474291273268495,77.84207202795987,19.884797353907402,77.88572347343171,20.396699310234037,77.90802453077322,21.62500587999881,77.89661368499989,21.97848012895733,78.04275371420506,22.596318521580333,78.12971891907006,20.64849138982452,81.95879336357895
883,ice_conc_nh_ease2-250_cdr-v2p0_198312171200.nc,1983-12-17,1983,12,17,18.54876389171985,77.69556666775395,19.077401541368616,77.72574395803555,19.229335968812773,77.7943731516479,19.51281773681528,77.84128628355808,19.634003679324998,77.9290968206447,20.596341357497256,77.83492341595267,22.394456798870312,77.87219297987598,22.730408920100096,77.97744446145416,23.555379978457317,78.18418732201467
884,ice_conc_nh_ease2-250_cdr-v2p0_198312191200.nc,1983-12-19,1983,12,19,19.41027096886455,77.57543092590666,19.61084616501485,77.67238881147551,19.51700545963612,77.78006944412442,19.75309065544039,77.82244887039018,19.889448148674294,77.87069175201574,20.409842246924306,77.88338845277256,21.93083400918845,77.93494031712054,22.40032466645833,77.95769176180222,24.995866689524682,78.5711500600955
885,ice_conc_nh_ease2-250_cdr-v2p0_198312211200.nc,1983-12-21,1983,12,21,19.130922937321493,77.62237079238744,19.671294659456244,77.62234095133701,19.836810077679548,77.70740124601795,19.88386262525999,77.77756257676899,19.994473394131603,77.80977622274428,20.45610428206164,77.86739979224177,21.952019209326462,77.9097618309958,23.019907255208846,78.21484533251375,26.113214095557204,77.31253991645556
886,ice_conc_nh_ease2-250_cdr-v2p0_198312231200.nc,1983-12-23,1983,12,23,19.66022850220135,77.42937387715277,19.689289846372965,77.58924989239222,19.9406865436215,77.62584008983404,20.128318096263705,77.69612734020293,20.229628814239682,77.79801874071546,21.792104935270498,77.88355663060048,22.085507901957545,77.88432876652885,23.884938430323526,78.33080874447475,28.43065291535139,77.49872138198991
887,ice_conc_nh_ease2-250_cdr-v2p0_198312251200.nc,1983-12-25,1983,12,25,19.30901772879791,76.16224578197775,18.9395563743118,76.44640339625438,19.10105584576466,78.77071698939771,19.10105584576466,78.77071698939771,19.44873699362751,77.86917265570646,19.982599002790195,77.8538366662522,21.584759757438675,77.89582379243151,22.902540753797958,78.19057268866894,27.974168832219718,77.42423278185525
888,ice_conc_nh_ease2-250_cdr-v2p0_198312271200.nc,1983-12-27,1983,12,27,19.10105584576466,78.77071698939771,19.10105584576466,78.77071698939771,19.10105584576466,78.77071698939771,19.255168580910397,77.90789062361907,19.511973419623086,77.93520466663696,21.57768928543808,77.97862805682716,21.858492550726645,77.96518388062017,22.34320091350886,78.00417858861091,24.621832772369434,79.78990777935888
889,ice_conc_nh_ease2-250_cdr-v2p0_198312291200.nc,1983-12-29,1983,12,29,18.58376676869516,77.70853887476333,18.830394486822534,77.75240114357261,19.13242417099981,77.84516552642465,19.421959786624296,77.88400263328423,19.95664732868263,77.88967159916398,21.346929708342472,78.00679910112545,21.80333489375568,78.06985572169924,22.25847656153627,78.14643989268181,23.33597545424882,79.95631624433003
890,ice_conc_nh_ease2-250_cdr-v2p0_198312311200.nc,1983-12-31,1983,12,31,18.85009941297851,77.78573216481476,19.010504004257175,77.88532783349042,19.363446218340247,77.93327645661746,19.422698541022594,77.98807962941542,21.060069400813465,78.038572391218,21.301079325185707,78.14694629163283,21.868651503910186,78.20315790597378,22.29487206438234,78.18646640219549,22.186724015070368,79.95441819501451
