,filename,date,year,month,day,lon_10,lat_10,lon_30,lat_30,lon_50,lat_50,lon_70,lat_70,lon_90,lat_90
11071,ice_conc_nh_ease2-250_cdr-v2p0_201401011200.nc,2014-01-01,2014,1,1,19.23685618107834,78.15558551657546,19.42708731785235,78.51673648539956,21.599479655035555,78.935082866432,22.15131646327427,79.55207912194895,,
11072,ice_conc_nh_ease2-250_cdr-v2p0_201401021200.nc,2014-01-02,2014,1,2,19.572720101164116,78.2690945102558,19.818210522659896,78.55807591429176,21.37002095825057,79.42121651412413,21.89925615728608,79.60697464542879,25.757141099556648,80.09321687489292
11073,ice_conc_nh_ease2-250_cdr-v2p0_201401031200.nc,2014-01-03,2014,1,3,19.592570335150693,78.354672108262,19.611266156328586,78.88916944827929,21.412465370401332,79.46005686541953,21.819948303111428,79.682252854539,25.094256341291484,80.86679884853822
11074,ice_conc_nh_ease2-250_cdr-v2p0_201401041200.nc,2014-01-04,2014,1,4,19.376758318544148,78.53173292638542,18.735323829400144,79.13076338710356,21.600666446326304,79.48002576580046,22.112476322724934,79.66521069073127,24.61356231568068,80.9747805941332
11075,ice_conc_nh_ease2-250_cdr-v2p0_201401051200.nc,2014-01-05,2014,1,5,19.612683653811217,78.3679754095992,18.874957258688166,79.15367873939564,21.546363197917437,79.45277842211755,22.194686250389072,79.71754078251523,28.422947455815606,79.02280504504195
11076,ice_conc_nh_ease2-250_cdr-v2p0_201401061200.nc,2014-01-06,2014,1,6,19.23660346329143,78.2283456713946,18.60736722481721,79.1727137653976,21.683574013387855,79.42368481561442,22.588031805431388,79.68388945605378,25.342421098793615,80.25596643075424
11077,ice_conc_nh_ease2-250_cdr-v2p0_201401071200.nc,2014-01-07,2014,1,7,19.206916492429137,78.28834021409327,19.40595587956595,78.57036969831049,21.287158706058186,79.44256463245671,22.397023609697683,79.64739573481849,24.4920400966057,80.2492116827648
11078,ice_conc_nh_ease2-250_cdr-v2p0_201401081200.nc,2014-01-08,2014,1,8,19.020188133060877,78.24781729047928,21.055251861236876,78.69156171575614,18.92636953490663,79.30006061404472,22.270873834190997,79.66079577931839,,
11079,ice_conc_nh_ease2-250_cdr-v2p0_201401091200.nc,2014-01-09,2014,1,9,18.945143399672357,78.41395946164346,19.66740221551289,78.6733288073982,21.594264986660296,79.49539211349433,22.259858694245935,79.74543216378302,29.140142337193073,79.24422886869101
11080,ice_conc_nh_ease2-250_cdr-v2p0_201401101200.nc,2014-01-10,2014,1,10,19.60873236655616,78.47273694780695,20.24735237449116,78.71370706571794,21.925023916596878,79.63288971359309,26.524143276402388,78.89581232965594,28.933222022626243,79.03674144767355
11081,ice_conc_nh_ease2-250_cdr-v2p0_201401111200.nc,2014-01-11,2014,1,11,20.0059641549027,78.5420279824337,19.852342551190308,79.4774544129061,22.21322344293315,79.72150075201307,26.29359053796623,78.92520657240297,28.798385003084874,79.01641645569154
11082,ice_conc_nh_ease2-250_cdr-v2p0_201401121200.nc,2014-01-12,2014,1,12,19.900936101672986,78.59903086199581,20.60158111572377,78.8575023652422,20.34847872194779,79.6515133546531,26.123589783939526,78.88140105585987,28.899544333870516,79.01758984578116
11083,ice_conc_nh_ease2-250_cdr-v2p0_201401131200.nc,2014-01-13,2014,1,13,19.285653653370407,78.57787891575404,20.095816984103855,78.82801167979085,22.78297852546136,78.13901086330827,25.97765405685824,78.6990220513563,28.285700251659588,78.84589253984909
11084,ice_conc_nh_ease2-250_cdr-v2p0_201401141200.nc,2014-01-14,2014,1,14,19.649972696903564,78.49167710119364,21.911996099011386,78.71745862316831,22.945605539963662,78.07761215543002,26.535189807405803,78.58541425882157,28.99138747142377,78.92080607335654
11085,ice_conc_nh_ease2-250_cdr-v2p0_201401151200.nc,2014-01-15,2014,1,15,19.957073501508,78.50062779538347,21.114929145279618,78.77804704913095,25.773928323132004,78.64688251059063,26.456469721008876,78.65541150905449,29.270602905259352,78.99074839575559
11086,ice_conc_nh_ease2-250_cdr-v2p0_201401161200.nc,2014-01-16,2014,1,16,20.12128167475169,78.47633577334535,20.828128094425317,78.72689938659629,25.88450520098973,78.71068734899156,26.511564585365797,78.7136869905023,29.492874591546183,78.94487124313014
11087,ice_conc_nh_ease2-250_cdr-v2p0_201401171200.nc,2014-01-17,2014,1,17,20.267367521696226,78.55260409028226,20.464005902197865,79.47720927433703,25.87785723727317,78.7503872993383,26.77511055413333,78.77865228218873,16.629084041617293,82.12095094935437
11088,ice_conc_nh_ease2-250_cdr-v2p0_201401181200.nc,2014-01-18,2014,1,18,20.5273670049816,78.45700103232481,21.919619600742934,79.56016415599427,25.993894578087925,78.81049230624225,26.85574142098241,78.78430260494478,16.539437951727322,82.236881550454
11089,ice_conc_nh_ease2-250_cdr-v2p0_201401191200.nc,2014-01-19,2014,1,19,20.426118906207233,78.54165094530035,23.296069198413043,77.9404079767138,25.44909258166343,78.63656707084888,26.343102144640532,78.57487415348928,30.610694967055124,78.77681785602073
11090,ice_conc_nh_ease2-250_cdr-v2p0_201401201200.nc,2014-01-20,2014,1,20,20.18472750201227,78.43074941756282,20.41213276779441,78.79496102619726,25.51200544028949,78.12002104113914,26.72212912972698,78.65144233684813,30.052510225895812,78.71618563155485
11091,ice_conc_nh_ease2-250_cdr-v2p0_201401211200.nc,2014-01-21,2014,1,21,20.273827244806117,78.58867265702372,22.292053175139642,78.85000441323437,25.831462426252813,78.73662417422543,26.905882097548197,78.71694179082512,30.31155161871266,78.78669133714698
11092,ice_conc_nh_ease2-250_cdr-v2p0_201401221200.nc,2014-01-22,2014,1,22,20.379849288216636,78.65368312905073,23.389866890544646,78.0334186264293,25.89384291146784,78.7368791204663,26.75271899073594,78.69122536048414,16.831046695170606,82.4409588310882
11093,ice_conc_nh_ease2-250_cdr-v2p0_201401231200.nc,2014-01-23,2014,1,23,23.0554364999304,77.97995766058607,25.395810798182662,78.78801739836298,25.932215401557546,78.77797503710224,26.718158506227113,78.74652302376154,16.318013736579445,82.45421017483599
11094,ice_conc_nh_ease2-250_cdr-v2p0_201401241200.nc,2014-01-24,2014,1,24,19.998760657583823,78.50169926964998,25.244001949101786,78.71835412981008,25.76462321355615,78.68971812665379,26.501051616584462,78.65373140437057,16.992524175285777,82.03911727345564
11095,ice_conc_nh_ease2-250_cdr-v2p0_201401251200.nc,2014-01-25,2014,1,25,20.593292193924682,78.69241806319559,25.679224017941813,78.80034615907563,25.79511382811052,78.795680976127,26.89187370255547,78.69081896289364,15.126991718839738,82.26556812710538
11096,ice_conc_nh_ease2-250_cdr-v2p0_201401261200.nc,2014-01-26,2014,1,26,23.283473838583078,78.05376850217105,25.725330312629357,78.93966120481096,25.941999201870775,78.89015352980715,26.92180744371088,78.86293715251534,15.785369606324947,82.5328130102548
11097,ice_conc_nh_ease2-250_cdr-v2p0_201401271200.nc,2014-01-27,2014,1,27,21.009267214555123,78.8622917617538,25.53461490965157,78.89533578104256,25.900316194441597,78.83752456986004,27.30373834743553,78.86825381767508,16.389213236595513,82.20982696083637
11098,ice_conc_nh_ease2-250_cdr-v2p0_201401281200.nc,2014-01-28,2014,1,28,20.580285614717667,78.78145429817253,25.549715414640858,78.90008580318184,26.066625589906902,78.87982824721843,27.11534000970805,78.89620152484407,16.888484314546606,82.19881506042799
11099,ice_conc_nh_ease2-250_cdr-v2p0_201401291200.nc,2014-01-29,2014,1,29,22.61327619261233,77.95780823882035,25.533288039054046,78.95108716711837,26.100522704041886,78.88772333672819,27.069688781899586,78.96864200774647,14.184936281633238,81.88033534070804
11100,ice_conc_nh_ease2-250_cdr-v2p0_201401301200.nc,2014-01-30,2014,1,30,22.538143210064753,77.90610493595112,22.69059031158038,78.8256248253955,25.883131402117737,78.95120489710735,27.0429545228668,78.86214890011753,16.589892970425883,82.13904842161516
11101,ice_conc_nh_ease2-250_cdr-v2p0_201401311200.nc,2014-01-31,2014,1,31,22.642443544189234,77.84527118763943,23.001980301000273,77.94851853970441,25.791343637537036,78.85212111916601,27.195806534034613,78.84855848813773,13.932424300988684,82.40202203689041
11102,ice_conc_nh_ease2-250_cdr-v2p0_201402011200.nc,2014-02-01,2014,2,1,22.571585395401236,77.81261141725201,22.840205946584724,77.99493532512152,25.809356762201155,78.7722470659193,26.602696160713897,78.81023067718127,15.676930956127151,82.56792621340225
11103,ice_conc_nh_ease2-250_cdr-v2p0_201402021200.nc,2014-02-02,2014,2,2,22.73151133906203,77.93351231590772,25.53996404663769,78.94153910588211,26.059991984827448,78.90139760935392,27.08574064894356,78.85250542685873,15.815490063987124,82.43743671996852
11104,ice_conc_nh_ease2-250_cdr-v2p0_201402031200.nc,2014-02-03,2014,2,3,25.43497254768587,78.9546323556988,25.650361773870753,79.0078057232378,26.133964575965567,79.00320890812748,26.56263972456567,79.02271795324462,13.21903992253519,82.31628975127371
11105,ice_conc_nh_ease2-250_cdr-v2p0_201402041200.nc,2014-02-04,2014,2,4,22.834695234935637,77.95577218497175,25.558783464676335,79.0403063257795,25.85921136403871,79.04553211939083,26.665224272679456,79.02020569370731,13.554769568758497,82.97656916898602
11106,ice_conc_nh_ease2-250_cdr-v2p0_201402051200.nc,2014-02-05,2014,2,5,22.00476763274916,79.58403732291849,25.55733152944982,79.00168189915168,26.09299734416195,79.06443021815035,26.85195483431759,79.03525153110282,14.975388738464895,82.65544720329305
11107,ice_conc_nh_ease2-250_cdr-v2p0_201402061200.nc,2014-02-06,2014,2,6,18.29811823678061,79.43881142743109,25.68116942536573,79.06921692530015,26.041953369212067,79.06493610969697,26.898105478704203,79.07974819296541,13.13444874179368,82.79763057721662
11108,ice_conc_nh_ease2-250_cdr-v2p0_201402071200.nc,2014-02-07,2014,2,7,21.93057137310016,79.7734589641813,25.67671813921983,79.16304141131214,25.944568279261432,79.11413236080476,26.684117251789605,79.15683560174621,19.75082447616874,84.20739554281697
11109,ice_conc_nh_ease2-250_cdr-v2p0_201402081200.nc,2014-02-08,2014,2,8,21.817556614832135,79.78146935174657,25.573534418596243,79.20321293134957,25.943868614066034,79.18058101016662,26.797173182411974,79.25401296431346,17.295556334501796,83.92848250819773
11110,ice_conc_nh_ease2-250_cdr-v2p0_201402091200.nc,2014-02-09,2014,2,9,21.532388374106727,79.85242483555191,22.467021655611696,80.09612551333822,25.801050636085275,79.29114548866154,26.609738947171163,79.32310942204168,11.78268138269304,82.81493392480954
11111,ice_conc_nh_ease2-250_cdr-v2p0_201402101200.nc,2014-02-10,2014,2,10,21.31473251152236,79.92041701704791,21.741594046919857,80.09178116095124,25.682047084093043,79.36434078127998,26.269689571079162,79.38044364594145,14.670870952160879,82.57598683116164
11112,ice_conc_nh_ease2-250_cdr-v2p0_201402111200.nc,2014-02-11,2014,2,11,21.303733020477296,80.02817213411758,21.92882032898514,80.16613640742698,25.738722711625933,79.41710293804185,15.505557234015821,82.13085626865852,14.188510887355314,83.30701408666467
11113,ice_conc_nh_ease2-250_cdr-v2p0_201402121200.nc,2014-02-12,2014,2,12,21.860704035246254,80.14441907180579,22.112451164751903,80.2880992648425,25.68635160937952,79.48492092428911,36.15323471665904,46.200808376439305,13.971923885519532,83.00728659352815
11114,ice_conc_nh_ease2-250_cdr-v2p0_201402131200.nc,2014-02-13,2014,2,13,22.23811091537119,81.01092174498837,13.498516719906208,81.59018078911214,13.489813472606599,81.85336299196452,14.783713270555372,82.28137835560744,18.65146234694531,84.82779055027528
11115,ice_conc_nh_ease2-250_cdr-v2p0_201402141200.nc,2014-02-14,2014,2,14,21.989827559230726,80.98638267581123,22.82772498750912,81.22396954955884,35.19128503641013,65.62344055220427,14.355409096340518,82.38559747409997,19.04316628859742,83.99218153226226
11116,ice_conc_nh_ease2-250_cdr-v2p0_201402151200.nc,2014-02-15,2014,2,15,20.39718524320317,81.09054676924369,21.04063240366336,81.52461385909774,12.441104774328211,81.90476998730931,13.997952248169666,82.42094394167894,19.453400318002526,84.64783557948417
11117,ice_conc_nh_ease2-250_cdr-v2p0_201402161200.nc,2014-02-16,2014,2,16,20.179610473975934,81.07950477460315,20.911043700287422,81.39780567347805,21.201469249387827,81.7783850708974,14.67106122387361,82.52100435439179,15.969113179728605,84.73399333085989
11118,ice_conc_nh_ease2-250_cdr-v2p0_201402171200.nc,2014-02-17,2014,2,17,19.7264734607793,81.10920213596758,20.494269609636206,81.52645376537633,20.790001348295842,81.8419711696086,14.146894708063554,82.47210443271476,15.255164885769586,83.56849427629992
11119,ice_conc_nh_ease2-250_cdr-v2p0_201402181200.nc,2014-02-18,2014,2,18,20.965308057012788,80.96495640262756,20.28067943031557,81.5000366185797,20.39190826432351,81.86924188122418,15.559879286061806,82.44379758661613,19.122644692144995,84.02726233528838
11120,ice_conc_nh_ease2-250_cdr-v2p0_201402191200.nc,2014-02-19,2014,2,19,19.794386703188877,79.72437473547164,23.057691843178223,80.0426983605884,21.209161556716662,81.72389140272745,20.69948358494466,82.214482771442,25.10980343857924,85.17043533429192
11121,ice_conc_nh_ease2-250_cdr-v2p0_201402201200.nc,2014-02-20,2014,2,20,21.697048533742983,79.53694482996379,23.525188073612178,79.82043313803865,20.094695037778635,81.56046682971015,14.841648096438313,82.01117279154498,17.459188169647014,84.02877081326106
11122,ice_conc_nh_ease2-250_cdr-v2p0_201402211200.nc,2014-02-21,2014,2,21,22.410518924319184,79.57950001209727,22.53129444386478,79.8807730500726,20.731423137714692,81.45682638411047,14.483065760738517,81.78774901742484,18.937383858249355,84.00961899449617
11123,ice_conc_nh_ease2-250_cdr-v2p0_201402221200.nc,2014-02-22,2014,2,22,21.94957230547471,79.44829106112564,21.74580705121134,79.83634006178772,20.824938838197756,81.22157965967335,19.957336493517463,81.59550576918879,15.956393995936876,84.95085111548121
11124,ice_conc_nh_ease2-250_cdr-v2p0_201402231200.nc,2014-02-23,2014,2,23,21.594393515989893,79.55717939761716,21.896042860828658,79.82421673422122,20.18265793253532,81.25563918981929,19.906254964947816,81.60081211424679,22.252148016220886,83.92643350270771
11125,ice_conc_nh_ease2-250_cdr-v2p0_201402241200.nc,2014-02-24,2014,2,24,21.589810493179797,79.55912581293738,22.193764462282903,79.81024936108211,19.664763500458527,81.25756218580291,19.67585075999538,81.60273505702689,11.936500123096806,85.72652222793701
11126,ice_conc_nh_ease2-250_cdr-v2p0_201402251200.nc,2014-02-25,2014,2,25,19.75761570520568,79.43443260655276,19.62460399859599,80.92689070298306,18.534212965614195,81.32626806712753,18.94035680318265,81.65412239303242,14.442897561574272,85.41374315003469
11127,ice_conc_nh_ease2-250_cdr-v2p0_201402261200.nc,2014-02-26,2014,2,26,19.288310212196,79.34814413032808,21.476973979229594,79.70857152324528,18.90472035744075,81.24064622580585,18.284807543348332,81.5696031522894,18.937592358984546,83.25192807603524
11128,ice_conc_nh_ease2-250_cdr-v2p0_201402271200.nc,2014-02-27,2014,2,27,18.062201009926923,79.24506196602275,19.71447436690113,79.41165792807053,21.029413464040992,80.74364396900835,18.95131168808514,81.50337711716001,18.60186493231808,83.12365087655947
11129,ice_conc_nh_ease2-250_cdr-v2p0_201402281200.nc,2014-02-28,2014,2,28,18.37876360882868,79.12331562413327,19.373020456211663,79.3152525006669,20.166135820593432,80.71881782150616,18.72888687871365,81.30231125590326,19.57901523498236,82.0360158298781
11130,ice_conc_nh_ease2-250_cdr-v2p0_201403011200.nc,2014-03-01,2014,3,1,20.01559209419493,78.1463179115162,19.6407618286086,79.27825617921626,18.963853803256256,80.87707076436624,19.33603334627743,81.25690648363974,13.09706843153487,84.32517384537049
11131,ice_conc_nh_ease2-250_cdr-v2p0_201403021200.nc,2014-03-02,2014,3,2,19.64968199593124,78.15459205594556,19.316249479531308,79.19161999409212,21.49029156467189,79.55303345573603,20.98565180187246,81.06262858836534,16.741835649518393,81.98775891249115
11132,ice_conc_nh_ease2-250_cdr-v2p0_201403031200.nc,2014-03-03,2014,3,3,18.511202423154185,79.07311778295907,19.436686383225133,79.33324608520056,19.879231883297713,80.95940733396498,20.969177301135183,81.3370580342342,20.423465370260672,81.9108785380999
11133,ice_conc_nh_ease2-250_cdr-v2p0_201403041200.nc,2014-03-04,2014,3,4,19.002248617413475,79.0881076875078,19.082357447262215,79.3652311508519,19.605396845076918,80.90031073190553,20.778452635875816,81.29244572635855,16.938388460614533,81.97230996808825
11134,ice_conc_nh_ease2-250_cdr-v2p0_201403051200.nc,2014-03-05,2014,3,5,18.079510179144396,78.99353881304292,19.820875979272405,79.26366300810353,22.356121947109063,80.4493981809328,20.972899681800588,81.26130044387229,20.917222827402725,81.74358467934067
11135,ice_conc_nh_ease2-250_cdr-v2p0_201403061200.nc,2014-03-06,2014,3,6,19.209522148683984,79.22375310646977,21.407636044830316,79.68988849987599,19.84081414951052,81.06754892123536,21.116328615255608,81.53697865721189,16.936168093397463,82.21892859559743
11136,ice_conc_nh_ease2-250_cdr-v2p0_201403071200.nc,2014-03-07,2014,3,7,19.653485508721463,79.36703318002357,21.063095110120685,79.89880341404951,18.647956077525695,81.42803654204796,20.44771222071642,81.83521809720769,16.92667479169652,82.41827553286475
11137,ice_conc_nh_ease2-250_cdr-v2p0_201403081200.nc,2014-03-08,2014,3,8,22.079405465206552,79.64739491050327,21.4991085196098,80.02896507192432,20.065811163607293,81.76033873170591,16.194508059535735,82.19768372683313,16.209902306434127,82.51243922816097
11138,ice_conc_nh_ease2-250_cdr-v2p0_201403091200.nc,2014-03-09,2014,3,9,22.04044644300287,79.71936435654517,21.450776742525004,80.0516913687032,19.609964465994622,81.87662747732571,16.57988904056678,82.36843645600405,15.825759818140286,82.64935525544274
11139,ice_conc_nh_ease2-250_cdr-v2p0_201403101200.nc,2014-03-10,2014,3,10,19.21245871802078,79.48846799914838,20.909799864692836,79.96092518785284,19.28795414746051,81.76581256505106,16.789280678614414,82.29901224680195,17.85634132524205,82.84342555731205
11140,ice_conc_nh_ease2-250_cdr-v2p0_201403111200.nc,2014-03-11,2014,3,11,18.066086020413895,79.28425556113616,19.101167495744175,79.4986388620437,22.751351413871355,79.9262402522628,20.99486478650154,81.82234745451828,18.818131085547964,82.680692449241
11141,ice_conc_nh_ease2-250_cdr-v2p0_201403121200.nc,2014-03-12,2014,3,12,18.645314119223816,79.17120315808553,19.024961992419804,79.39083070236607,22.29070703001036,79.84719905459055,21.27765410885822,81.6385825103791,17.411453726469095,82.4180953417056
11142,ice_conc_nh_ease2-250_cdr-v2p0_201403131200.nc,2014-03-13,2014,3,13,17.88805109864526,79.07086045956927,19.672158085638912,79.32569294189992,19.178634090953086,79.49256454705595,22.213950532235398,79.94697749185866,18.822796033242838,82.36553091046284
11143,ice_conc_nh_ease2-250_cdr-v2p0_201403141200.nc,2014-03-14,2014,3,14,18.569586260521987,79.04216023615213,19.890541281969174,79.27090445135056,22.283012110888112,79.68697406617112,22.235662223358098,79.90220252420417,19.245495169017076,82.28195426966552
11144,ice_conc_nh_ease2-250_cdr-v2p0_201403151200.nc,2014-03-15,2014,3,15,18.419490050707903,79.0646388161598,19.772219858144343,79.23538750954158,19.340347332620908,79.43174018924365,22.282887314554152,79.89641566403385,17.80776938306104,82.16787629388854
11145,ice_conc_nh_ease2-250_cdr-v2p0_201403161200.nc,2014-03-16,2014,3,16,18.323935732918798,79.03511439883843,19.71238060042583,79.18359934385548,22.31675870052835,79.5951990874208,23.31432630500763,79.89060554984297,16.567549615643244,82.17872709123408
11146,ice_conc_nh_ease2-250_cdr-v2p0_201403171200.nc,2014-03-17,2014,3,17,18.696922398306594,78.9977253245718,20.107334247532407,79.23677469841502,22.769036645696243,79.46854464019388,24.272280917186148,81.17431893939894,21.476631177367196,83.80992287103146
11147,ice_conc_nh_ease2-250_cdr-v2p0_201403181200.nc,2014-03-18,2014,3,18,19.01192123076455,78.85402111330937,19.646812559608346,79.14280553921421,19.648847904418705,79.32462256745497,17.81333654802184,81.68576557781326,18.611057565671285,83.89719605694411
11148,ice_conc_nh_ease2-250_cdr-v2p0_201403191200.nc,2014-03-19,2014,3,19,18.4101283775853,78.81816547830344,18.80164364152802,79.11865036388538,19.50707811325752,79.25680519365439,24.00659933266546,79.51475554282301,16.79396397398615,83.33669617483504
11149,ice_conc_nh_ease2-250_cdr-v2p0_201403201200.nc,2014-03-20,2014,3,20,18.859119705296003,77.877484398644,18.694011511849716,79.04497196346999,19.334543358436573,79.2155312284629,23.67142611478251,79.29894302710697,17.551773534097684,82.7364011661744
11150,ice_conc_nh_ease2-250_cdr-v2p0_201403211200.nc,2014-03-21,2014,3,21,19.448878419406324,77.84280141088053,19.149326514639007,78.916597493768,19.257468437368445,79.12751365714914,22.714343119968873,79.45433825976514,17.59355346781028,82.76242448387218
11151,ice_conc_nh_ease2-250_cdr-v2p0_201403221200.nc,2014-03-22,2014,3,22,18.769722836840753,78.6183571321049,18.935997874850667,78.91988777814024,19.16443823215176,79.06472833976623,22.56226228234546,79.39644453725987,22.07495464487541,82.715156950562
11152,ice_conc_nh_ease2-250_cdr-v2p0_201403231200.nc,2014-03-23,2014,3,23,19.60843964353935,77.69550868124352,18.654716706326575,78.92528201603878,18.874525504480147,79.09621607781621,22.345644455127445,79.27617964523633,22.48229710214936,82.14091087652884
11153,ice_conc_nh_ease2-250_cdr-v2p0_201403241200.nc,2014-03-24,2014,3,24,19.523380931592992,77.76728920380839,35.17980245956526,65.57597089455611,19.085969444465864,79.09773708016107,22.017271458328086,79.30249184961129,32.662795761070285,80.6911070922175
11154,ice_conc_nh_ease2-250_cdr-v2p0_201403251200.nc,2014-03-25,2014,3,25,19.353681575521737,77.736865606927,18.983896637057995,78.92526471261345,19.08597215096364,79.09773877070332,22.062690192358254,79.36789521194412,22.31881312899042,81.8677368310976
11155,ice_conc_nh_ease2-250_cdr-v2p0_201403261200.nc,2014-03-26,2014,3,26,19.72253148376131,77.63247436211608,19.059450802037187,78.82421116742631,18.85287030748436,79.0922084442383,22.22968417805455,79.34051478673982,18.260712806626934,81.81751602277166
11156,ice_conc_nh_ease2-250_cdr-v2p0_201403271200.nc,2014-03-27,2014,3,27,19.622255165131236,77.70284639287885,18.80147932867419,78.81733759011576,18.836472989527767,79.07610134717304,22.263214289023608,79.3257125467228,25.66324577489047,80.66349791110083
11157,ice_conc_nh_ease2-250_cdr-v2p0_201403281200.nc,2014-03-28,2014,3,28,18.93005934737509,78.76041607388768,18.659590755228574,79.10744128641416,18.811165289157405,79.27436821069675,22.56360312067187,79.59283242438893,17.949053380756876,82.22190944241895
11158,ice_conc_nh_ease2-250_cdr-v2p0_201403291200.nc,2014-03-29,2014,3,29,19.254457092110023,77.91655746066039,18.882344909158128,78.95461913751498,21.838095973093644,79.2177755783247,,,19.736021789584168,82.49317958273251
11159,ice_conc_nh_ease2-250_cdr-v2p0_201403301200.nc,2014-03-30,2014,3,30,19.868792291818036,77.03597381706125,18.59279350935917,78.90375760608167,37.21691610242651,65.55190793705434,,,17.2627258137259,82.33440912285899
11160,ice_conc_nh_ease2-250_cdr-v2p0_201403311200.nc,2014-03-31,2014,3,31,19.746191186622585,77.08066691167598,18.71383952019978,78.65083716045066,21.113484204045776,79.14245558657981,24.700081582477413,79.69956091902247,16.952070533407717,82.23681446554141
11161,ice_conc_nh_ease2-250_cdr-v2p0_201404011200.nc,2014-04-01,2014,4,1,35.09681400915432,65.64052420590632,36.285267732745716,64.3689596878213,37.23496922880992,65.4406098959598,24.913835078767182,79.42278901660659,17.33040351503792,82.08131561926183
11162,ice_conc_nh_ease2-250_cdr-v2p0_201404021200.nc,2014-04-02,2014,4,2,35.09681400915432,65.64052420590632,36.285267732745716,64.3689596878213,37.36389904409572,65.27949789056855,23.168041508007075,79.46015239763892,17.268636466486093,82.1813082219494
11163,ice_conc_nh_ease2-250_cdr-v2p0_201404031200.nc,2014-04-03,2014,4,3,19.404426712224193,76.9749004113956,36.285267732745716,64.3689596878213,37.36389904409572,65.27949789056855,22.67485081670069,79.4176204598688,17.247140360183522,82.318805867961
11164,ice_conc_nh_ease2-250_cdr-v2p0_201404041200.nc,2014-04-04,2014,4,4,36.05727793831811,64.61902556534112,36.285267732745716,64.3689596878213,18.528258890727624,78.64520687938126,23.002145877189434,79.26694222503814,19.541026136310663,81.86727736112621
11165,ice_conc_nh_ease2-250_cdr-v2p0_201404051200.nc,2014-04-05,2014,4,5,19.354863056398187,76.94434747977363,36.285267732745716,64.3689596878213,37.61090744528889,65.13275701464961,22.158802880445972,79.19711851965184,21.288253551071882,81.37266420351634
11166,ice_conc_nh_ease2-250_cdr-v2p0_201404061200.nc,2014-04-06,2014,4,6,19.19590908003185,76.94840906436818,36.93768950538866,64.19873591998737,37.49747617014395,64.08908655608738,22.491762884422602,79.11445621048493,22.397501388963768,81.1257110200884
11167,ice_conc_nh_ease2-250_cdr-v2p0_201404071200.nc,2014-04-07,2014,4,7,36.261531348319686,64.41732079823284,37.11256412016931,64.26088204470119,37.49747617014395,64.08908655608738,21.463692146272756,78.83147724136532,19.541781799920166,80.87624114289683
11168,ice_conc_nh_ease2-250_cdr-v2p0_201404081200.nc,2014-04-08,2014,4,8,19.24856242361328,76.89843497441595,19.641725870115728,77.06612850328715,20.611358921662745,77.60912180629339,21.609408274409834,78.61210885111626,19.713336892305833,80.74099660628205
11169,ice_conc_nh_ease2-250_cdr-v2p0_201404091200.nc,2014-04-09,2014,4,9,19.331547531066324,76.92472850910093,19.858911365099218,77.12850054549637,21.113727566268853,77.64884699165486,22.730524995040316,78.91882502659038,23.139987779107926,80.4154690083399
11170,ice_conc_nh_ease2-250_cdr-v2p0_201404101200.nc,2014-04-10,2014,4,10,19.549286649150037,77.06239610688114,19.791467565816163,77.32702332617106,20.904703537243243,78.38910322892237,22.603864271164902,79.14169863017045,,
11171,ice_conc_nh_ease2-250_cdr-v2p0_201404111200.nc,2014-04-11,2014,4,11,36.05727793831811,64.61902556534112,36.285267732745716,64.3689596878213,18.975267976781296,78.38337042899461,22.427396661005965,79.10305770258469,19.437937127986014,80.94014275210247
11172,ice_conc_nh_ease2-250_cdr-v2p0_201404121200.nc,2014-04-12,2014,4,12,36.261531348319686,64.41732079823284,19.973856854060553,77.18337238917577,20.965632214132334,78.1552258790447,21.975292140747143,78.9097215985258,24.279155582317433,80.1057762692927
11173,ice_conc_nh_ease2-250_cdr-v2p0_201404131200.nc,2014-04-13,2014,4,13,19.53068439627303,76.91448422916105,20.046272567367843,77.17854811647167,20.823455944279438,77.7182618581348,,,19.688070620807633,80.69018409832083
11174,ice_conc_nh_ease2-250_cdr-v2p0_201404141200.nc,2014-04-14,2014,4,14,19.593047251088638,76.91913057368122,20.07059484327243,77.12158780121354,20.99685433431853,77.8014757408912,21.431620611819664,78.77469502889579,20.186838044508423,80.78870928396373
11175,ice_conc_nh_ease2-250_cdr-v2p0_201404151200.nc,2014-04-15,2014,4,15,19.91558499392015,76.87482373760031,19.59845166275938,77.13290511469397,21.1336707412602,77.60167791029156,21.7195181893809,78.54398815811379,19.931870423915267,81.69776080620923
11176,ice_conc_nh_ease2-250_cdr-v2p0_201404161200.nc,2014-04-16,2014,4,16,19.75089291443132,77.05104185190227,20.258957426960094,77.2688247820099,21.2600940756271,77.80898227388745,21.958164911612737,78.84740510466348,19.67341917904138,81.06200304503268
11177,ice_conc_nh_ease2-250_cdr-v2p0_201404171200.nc,2014-04-17,2014,4,17,19.774418104602965,77.14581617287682,19.791732713689044,77.39695221455845,20.100432945709635,78.56633830986931,21.967036938937063,79.5140860216344,20.535677063482414,81.6738533461573
11178,ice_conc_nh_ease2-250_cdr-v2p0_201404181200.nc,2014-04-18,2014,4,18,20.08425710367083,77.00406381824492,19.826847303820543,77.34504790164506,18.943036560559523,78.10022156751991,23.669047210910573,79.49531042048656,17.420604793313032,82.3114874324426
11179,ice_conc_nh_ease2-250_cdr-v2p0_201404191200.nc,2014-04-19,2014,4,19,19.956235765734533,76.96440569363473,19.87445966680508,77.23987942605315,19.906437241944264,77.55177145738512,18.54952280173763,78.58491714043718,18.173595912628347,82.65545072361991
11180,ice_conc_nh_ease2-250_cdr-v2p0_201404201200.nc,2014-04-20,2014,4,20,19.992857925215077,76.90793828830623,19.734412814841814,77.25781822096754,19.813424335452265,77.5576022229268,18.288126933643227,78.51584539121573,13.655599403626262,82.94039402168654
11181,ice_conc_nh_ease2-250_cdr-v2p0_201404211200.nc,2014-04-21,2014,4,21,20.03511065987292,76.96763382798039,20.000798469034585,77.32556297855078,19.1595784061427,78.04906449399093,22.05820126878102,79.29709752373354,14.090812509889481,82.78310184084002
11182,ice_conc_nh_ease2-250_cdr-v2p0_201404221200.nc,2014-04-22,2014,4,22,19.977924838435335,76.96466193094656,20.005701017586635,77.26194874650659,19.337841468593417,77.98728862600431,22.431919743802087,79.2859926395128,21.031525898484226,81.70949263725511
11183,ice_conc_nh_ease2-250_cdr-v2p0_201404231200.nc,2014-04-23,2014,4,23,20.06917218062058,76.90075281422688,20.10449132408381,77.20766704565965,20.19299306743064,77.47661849575634,18.11066992467955,78.37613449914555,21.396106032338924,81.30292958698993
11184,ice_conc_nh_ease2-250_cdr-v2p0_201404241200.nc,2014-04-24,2014,4,24,19.910678952472747,77.01213791840848,20.142085544032284,77.2359979329357,19.986112266775013,77.51048539469613,21.769422500763707,79.09691063323179,18.363048615235936,80.57699376207991
11185,ice_conc_nh_ease2-250_cdr-v2p0_201404251200.nc,2014-04-25,2014,4,25,20.067332537021052,76.88031917461245,20.11748783469203,77.22035970977764,20.126479801339578,77.46066227688044,22.045109805785277,79.05846290005283,17.958764534800718,80.51505283608216
11186,ice_conc_nh_ease2-250_cdr-v2p0_201404261200.nc,2014-04-26,2014,4,26,36.05727793831811,64.61902556534112,20.005784181867348,77.23838052334649,19.78481064265836,77.69058295873164,18.434957863409203,78.2359115999687,18.676772480212477,80.45105997546696
11187,ice_conc_nh_ease2-250_cdr-v2p0_201404271200.nc,2014-04-27,2014,4,27,36.154727594773526,64.47648358125932,36.78907774930397,64.27625353222133,20.217477887044755,77.4960352418298,22.10011124745085,79.05378827288735,17.74252029937765,80.49249044547012
11188,ice_conc_nh_ease2-250_cdr-v2p0_201404281200.nc,2014-04-28,2014,4,28,20.247217317965916,76.87322465625704,36.88189039177087,64.2052970519474,19.70285129221307,77.75848499096854,,,18.90498313288496,80.5404408127596
11189,ice_conc_nh_ease2-250_cdr-v2p0_201404291200.nc,2014-04-29,2014,4,29,20.241318397633574,76.90286988130588,36.73372066513831,64.24222463426084,37.57870421101239,63.98339436761795,21.99349581475501,78.99025035292232,31.679590510160644,78.07541442711958
11190,ice_conc_nh_ease2-250_cdr-v2p0_201404301200.nc,2014-04-30,2014,4,30,20.150028206312996,76.90107941339505,37.11256412016931,64.26088204470119,37.77474348729821,64.12633377100568,21.871170603288913,78.99087289830344,19.353891406352986,80.51521984525124
11191,ice_conc_nh_ease2-250_cdr-v2p0_201405011200.nc,2014-05-01,2014,5,1,36.261531348319686,64.41732079823284,37.17114258343025,64.27654101826978,18.79395422159716,77.99971758294711,21.710650168415455,78.96846844666896,19.16029573287845,80.54749104132434
11192,ice_conc_nh_ease2-250_cdr-v2p0_201405021200.nc,2014-05-02,2014,5,2,19.864249004638744,76.89633015736781,19.843782690841156,77.19726099339839,19.07438842658181,77.97685869012025,,,24.28685684046528,79.49680727245469
11193,ice_conc_nh_ease2-250_cdr-v2p0_201405031200.nc,2014-05-03,2014,5,3,19.783522408362845,76.92044710612099,19.926576602587815,77.1671384913399,19.003787212606944,77.9706133504854,,,29.831124616043645,78.4571544152101
11194,ice_conc_nh_ease2-250_cdr-v2p0_201405041200.nc,2014-05-04,2014,5,4,19.994240978390902,76.83266375453334,19.873223589528692,77.12494012851468,19.079299241201156,77.8902552055693,18.77370156656705,78.15450748255815,29.509873347521477,78.30272221068707
11195,ice_conc_nh_ease2-250_cdr-v2p0_201405051200.nc,2014-05-05,2014,5,5,19.92725376673949,76.81137964657637,19.978566203383416,77.10967686838957,19.127043504663387,77.88640813774332,18.55056968858918,78.25182524832911,29.901501876546916,78.30433820826872
11196,ice_conc_nh_ease2-250_cdr-v2p0_201405061200.nc,2014-05-06,2014,5,6,19.807370883096155,76.896922387814,20.32484738231461,77.05408798842761,19.194612954365326,77.90006621251328,18.477938860834414,78.27023237318392,22.58891679492224,79.003113483931
11197,ice_conc_nh_ease2-250_cdr-v2p0_201405071200.nc,2014-05-07,2014,5,7,19.741017266037858,76.91153934616652,20.411191475387472,77.10715594200106,19.638502312598632,77.95860063432212,22.592647448636185,78.97367479139558,32.62565302597763,78.05452569444219
11198,ice_conc_nh_ease2-250_cdr-v2p0_201405081200.nc,2014-05-08,2014,5,8,19.958344489367242,77.00243244862214,19.66489874063343,77.81643566056825,21.38796452165695,78.47674032325106,22.70886657804959,79.11519899147571,19.23090765291855,81.84719613052253
11199,ice_conc_nh_ease2-250_cdr-v2p0_201405091200.nc,2014-05-09,2014,5,9,36.2936051335717,64.38439833588035,19.450847384994713,77.9210723036658,21.509944040514196,78.56427046145257,,,20.237040349004975,81.34459322692136
11200,ice_conc_nh_ease2-250_cdr-v2p0_201405101200.nc,2014-05-10,2014,5,10,36.261531348319686,64.41732079823284,36.78907774930397,64.27625353222133,37.77474348729821,64.12633377100568,21.7723515753081,79.20058576319562,22.284448861409285,81.3620279669825
11201,ice_conc_nh_ease2-250_cdr-v2p0_201405111200.nc,2014-05-11,2014,5,11,19.376901872606187,77.70855144985525,36.707457164278196,64.28260057968745,20.957000400554314,78.60599462649816,21.40743745769807,79.20310411178716,18.08915354858979,80.75588427508035
11202,ice_conc_nh_ease2-250_cdr-v2p0_201405121200.nc,2014-05-12,2014,5,12,19.465078699121285,77.60334003206408,19.07154506657714,77.92663201060587,20.34003543414578,78.58965866264926,20.612701968446697,79.23365259386303,19.336244302727003,80.61120940363242
11203,ice_conc_nh_ease2-250_cdr-v2p0_201405131200.nc,2014-05-13,2014,5,13,19.784459054753444,77.60374940842901,19.196353424787954,77.90318561498621,20.328761932248042,78.61484109078069,20.92419701631695,79.182873605543,19.38575998185113,80.57988743223102
11204,ice_conc_nh_ease2-250_cdr-v2p0_201405141200.nc,2014-05-14,2014,5,14,19.065242645253633,77.65842607998557,19.027206483155087,77.91839877831609,20.80366516743755,78.51500208086694,21.413738483864705,79.1419891596561,18.925340604879818,80.54600259281746
11205,ice_conc_nh_ease2-250_cdr-v2p0_201405151200.nc,2014-05-15,2014,5,15,36.2936051335717,64.38439833588035,18.98930567301321,77.90214804164916,20.961983774262247,78.4287848961316,21.491284171230923,79.06412366319014,18.87524989827298,80.50825926598685
11206,ice_conc_nh_ease2-250_cdr-v2p0_201405161200.nc,2014-05-16,2014,5,16,36.261531348319686,64.41732079823284,37.043284558067036,64.13159911586168,20.969790310535526,78.5812796941544,21.251064889799242,79.16808474446552,19.396416839212733,80.54743737646734
11207,ice_conc_nh_ease2-250_cdr-v2p0_201405171200.nc,2014-05-17,2014,5,17,19.307170926381296,77.81523892487301,18.94848334609282,78.02301657401941,20.42934801209157,78.69959308804941,21.433060181786104,79.26165064403199,18.855264413099274,80.66515664629587
11208,ice_conc_nh_ease2-250_cdr-v2p0_201405181200.nc,2014-05-18,2014,5,18,19.43783253459686,77.77428523724805,20.653829603745734,78.4703654645035,18.65510006418009,78.15343213241539,22.887318535349525,79.31953758383654,20.815339395859937,80.83925771853302
11209,ice_conc_nh_ease2-250_cdr-v2p0_201405191200.nc,2014-05-19,2014,5,19,19.369086951451415,77.82319325126348,18.99658047696889,78.01259978555073,18.714219494432847,78.13850382138071,18.08891629482638,80.12422645621606,21.184885780699958,80.834192196129
11210,ice_conc_nh_ease2-250_cdr-v2p0_201405201200.nc,2014-05-20,2014,5,20,19.395540682695305,77.78872332310621,19.303300329098455,78.00764866882658,21.656598424097346,79.04875563342111,21.999142985718496,79.22731132863692,21.773607011817866,80.92727927924741
11211,ice_conc_nh_ease2-250_cdr-v2p0_201405211200.nc,2014-05-21,2014,5,21,19.027356552040917,77.82438316308415,20.962853829938886,78.41493017525525,21.536548830179544,79.03445262252347,18.14873192051849,80.10170516328888,19.272000944701706,80.54545344035498
11212,ice_conc_nh_ease2-250_cdr-v2p0_201405221200.nc,2014-05-22,2014,5,22,19.15717361838803,77.7916307218376,19.517432295974075,77.94051747590476,21.64166047256632,79.01817539964917,17.93302401441007,80.10034387259465,18.955045696528543,80.53745027795198
11213,ice_conc_nh_ease2-250_cdr-v2p0_201405231200.nc,2014-05-23,2014,5,23,18.95129153923848,77.84297231508182,19.360156900627096,77.96896270187948,21.803280728309783,79.00027041633311,18.176129009624702,80.08314893833077,17.736710278580833,80.4948014907085
11214,ice_conc_nh_ease2-250_cdr-v2p0_201405241200.nc,2014-05-24,2014,5,24,19.227664918911668,77.76588315273824,19.27249462305531,77.95890495814412,21.816124204623936,78.98604700106354,18.063900863694883,80.09216553062052,18.697133264819843,80.48544678651962
11215,ice_conc_nh_ease2-250_cdr-v2p0_201405251200.nc,2014-05-25,2014,5,25,19.457068306121844,77.71994919128875,19.12602398232219,77.95223526788843,19.176685853394563,78.09099536292216,18.16247337648186,80.08157929621245,18.86397673866049,80.47768910934639
11216,ice_conc_nh_ease2-250_cdr-v2p0_201405261200.nc,2014-05-26,2014,5,26,19.19463841815185,77.70931496202277,19.442569536906955,77.90303739163721,18.877196223763946,78.09073628408954,18.642160241385028,80.08119290303414,18.95491430522904,80.5777416367853
11217,ice_conc_nh_ease2-250_cdr-v2p0_201405271200.nc,2014-05-27,2014,5,27,19.494001450299397,77.74190461521988,21.405675276508845,78.39566593986545,19.057667106723063,78.11143006834128,18.68363223463514,80.12226322621837,18.53117525768647,80.69058633593423
11218,ice_conc_nh_ease2-250_cdr-v2p0_201405281200.nc,2014-05-28,2014,5,28,18.95037353572199,77.86711494365046,19.464779035018484,77.97183744640517,22.301647891566905,79.13677135169372,18.487576347247263,80.12632456171582,18.094841741963098,80.6459791930139
11219,ice_conc_nh_ease2-250_cdr-v2p0_201405291200.nc,2014-05-29,2014,5,29,17.424196086972227,77.9118569810093,19.313355344556697,78.0168317881773,22.070989137596232,79.22946619375944,18.75821670021473,80.10284355000918,22.80971169719873,80.89488536340914
11220,ice_conc_nh_ease2-250_cdr-v2p0_201405301200.nc,2014-05-30,2014,5,30,17.61020227500897,77.84781772034736,19.448333892445444,78.0329968126974,22.01382133264448,79.25623955826208,18.331927657866256,80.08972043665513,18.68345727679839,80.4677309676651
11221,ice_conc_nh_ease2-250_cdr-v2p0_201405311200.nc,2014-05-31,2014,5,31,18.201385915674177,77.87861667172567,19.844741195144397,78.0449905548377,22.029612032041793,79.31570758303317,18.874669771876732,80.04699996451185,18.599007115392673,80.52749918422623
11222,ice_conc_nh_ease2-250_cdr-v2p0_201406011200.nc,2014-06-01,2014,6,1,17.775409184780294,77.8994140009461,19.359708252545136,78.0700143524824,21.79474877773451,79.31972974866866,18.75155617492404,80.0466404870953,18.156940878447614,80.57130077092714
11223,ice_conc_nh_ease2-250_cdr-v2p0_201406021200.nc,2014-06-02,2014,6,2,17.632829235231565,77.93779537426721,21.971142380067832,78.58422998336519,22.26095961085186,79.27097835410666,19.73220043743891,80.0622140573456,18.342117368983068,85.50209303817984
11224,ice_conc_nh_ease2-250_cdr-v2p0_201406031200.nc,2014-06-03,2014,6,3,17.83210458660465,77.90603449632692,19.477535517550262,78.11958863872968,21.411943313156325,79.43803367646439,19.106843174911386,80.1014574983047,14.70448417447836,85.45992764584733
11225,ice_conc_nh_ease2-250_cdr-v2p0_201406041200.nc,2014-06-04,2014,6,4,18.17414846930673,77.88708632468074,19.63588888556507,78.08379453866395,21.084414612816357,79.47295949233911,18.28121134462076,80.10463909908809,18.93877786669959,82.17485991306404
11226,ice_conc_nh_ease2-250_cdr-v2p0_201406051200.nc,2014-06-05,2014,6,5,18.18776218272444,77.92965626094936,19.61446595650273,78.12909054308707,20.82629326634822,79.50390605316178,18.932719289054965,80.11406910993345,20.017207573081876,81.87230180975119
11227,ice_conc_nh_ease2-250_cdr-v2p0_201406061200.nc,2014-06-06,2014,6,6,17.34730296679028,78.10035182185649,20.936340246608204,78.69538302654747,21.591648854534235,79.60949092667938,17.97861236266623,80.13708138152965,18.222352913538995,82.14009880793606
11228,ice_conc_nh_ease2-250_cdr-v2p0_201406071200.nc,2014-06-07,2014,6,7,17.981628462593545,78.12395505537076,19.409388803110627,78.28333882295433,20.342946593960807,79.65906958108488,18.47256378141251,80.15889436525045,16.323178695423735,81.66501661047579
11229,ice_conc_nh_ease2-250_cdr-v2p0_201406081200.nc,2014-06-08,2014,6,8,17.757673614093477,78.10254999935368,19.774529334578506,78.44507465361312,19.607441690332827,79.76598966215305,18.035370297087187,80.17214360879967,17.62553154269076,81.05139152097087
11230,ice_conc_nh_ease2-250_cdr-v2p0_201406091200.nc,2014-06-09,2014,6,9,19.012734692088692,78.61753894665344,20.657811950382563,79.4456604967303,19.608856042371947,79.7610310530652,17.87936753971648,80.0999548160698,30.730175075560396,86.71918413893977
11231,ice_conc_nh_ease2-250_cdr-v2p0_201406101200.nc,2014-06-10,2014,6,10,18.468096825916913,78.36035913431931,20.240403823475916,79.50863743876923,20.054697800984954,79.71963023774127,18.913687177162572,80.09656720421586,19.116229937280448,81.61597986515555
11232,ice_conc_nh_ease2-250_cdr-v2p0_201406111200.nc,2014-06-11,2014,6,11,18.897806168526852,78.7776560704602,19.675588801147107,79.24760062926136,19.665916624267787,79.74788124992936,18.930573965752146,80.11999470392453,19.814064231578545,81.56367419728302
11233,ice_conc_nh_ease2-250_cdr-v2p0_201406121200.nc,2014-06-12,2014,6,12,19.198113739247518,78.80014931183139,20.768467160341313,79.44836512210208,19.369374744577343,79.7238225195526,19.4369161139703,80.1286094201516,19.84195279260545,81.46079962693946
11234,ice_conc_nh_ease2-250_cdr-v2p0_201406131200.nc,2014-06-13,2014,6,13,18.61038993676483,78.37310597501452,20.54206717734863,79.47134195094061,19.06304289496843,79.76941242847991,17.62872768381959,80.10558219314265,23.637255950839304,81.1365840953044
11235,ice_conc_nh_ease2-250_cdr-v2p0_201406141200.nc,2014-06-14,2014,6,14,18.408594463950774,78.40466743325149,20.237749613063574,79.49913238544104,19.12226696270598,79.77152538256678,17.808282782193288,80.09755732275677,23.111125474701556,80.88320544257628
11236,ice_conc_nh_ease2-250_cdr-v2p0_201406151200.nc,2014-06-15,2014,6,15,20.205677141510364,79.29196683740922,20.167206093390764,79.47874564589901,20.606438452874322,79.77388392649965,17.412283427838588,80.09718251121996,5.561217447532262,86.87988192037415
11237,ice_conc_nh_ease2-250_cdr-v2p0_201406161200.nc,2014-06-16,2014,6,16,18.58537575350244,78.40533372223645,20.291475603809143,79.52012500457356,20.139900562428586,79.82061511591203,17.85850736880678,80.1216054950044,36.9982538252579,82.79362143423806
11238,ice_conc_nh_ease2-250_cdr-v2p0_201406171200.nc,2014-06-17,2014,6,17,18.48964745056022,78.44038465552319,19.86329937406499,79.56579763986466,19.583454770774544,79.87384745972842,17.4936650981959,80.1392875102986,17.449819916927698,83.51517785454031
11239,ice_conc_nh_ease2-250_cdr-v2p0_201406181200.nc,2014-06-18,2014,6,18,18.61977259658139,78.45207495903911,19.75184213920374,79.5880612526989,19.431813275668226,79.85584460756813,17.71168390173315,80.14079973624173,25.262276631811073,83.99065268614484
11240,ice_conc_nh_ease2-250_cdr-v2p0_201406191200.nc,2014-06-19,2014,6,19,18.761678309623107,78.43057522293795,19.898398635501216,79.56520819188583,19.39945787472948,79.85429899801046,17.69370391668199,80.13772492484327,24.771004007210706,83.96988035910024
11241,ice_conc_nh_ease2-250_cdr-v2p0_201406201200.nc,2014-06-20,2014,6,20,19.265994566537266,78.86587778704657,20.308888410146487,79.52278966683608,19.319910642459764,79.84340216073448,18.259155841454245,80.15060478696125,18.37711486313531,80.54135792585305
11242,ice_conc_nh_ease2-250_cdr-v2p0_201406211200.nc,2014-06-21,2014,6,21,18.902153105984475,78.86691548697189,20.193480663786456,79.53817181108198,19.854187579031397,79.79924821892028,17.834672200682927,80.1219690386771,18.13529302084207,80.48121801995491
11243,ice_conc_nh_ease2-250_cdr-v2p0_201406221200.nc,2014-06-22,2014,6,22,19.003750501962994,78.85934691958437,20.069082246008826,79.54285795269493,19.683394588526376,79.78237489204206,19.424813776129994,80.05842146931937,17.67518078400415,80.49821075461037
11244,ice_conc_nh_ease2-250_cdr-v2p0_201406231200.nc,2014-06-23,2014,6,23,19.009133709943097,78.84212338096896,18.21459526292554,78.53560623071584,19.46015897900135,79.77662264402503,19.193927916649244,80.06436793174872,16.952305677044222,80.59291293473741
11245,ice_conc_nh_ease2-250_cdr-v2p0_201406241200.nc,2014-06-24,2014,6,24,18.906369793829903,78.83173775179976,19.00430325425999,79.04609911931355,19.371474947912464,79.77821522062672,19.302313298656287,80.06328777533898,17.567585742238606,80.61962297787662
11246,ice_conc_nh_ease2-250_cdr-v2p0_201406251200.nc,2014-06-25,2014,6,25,18.465549789186475,78.83640156181862,18.899153126819968,79.06207949671726,19.51658123821755,79.76797515494167,19.37899489694179,80.09599578234773,17.81222395564227,80.45045552234379
11247,ice_conc_nh_ease2-250_cdr-v2p0_201406261200.nc,2014-06-26,2014,6,26,18.634014352891345,78.82919222044102,20.212296056798774,79.54149827435155,19.38263721473112,79.79552044270629,19.60985507327139,80.05004710432796,17.829657890838767,80.58978728477683
11248,ice_conc_nh_ease2-250_cdr-v2p0_201406271200.nc,2014-06-27,2014,6,27,18.06748764786738,78.45196245949482,18.155402577686356,78.612390024188,19.083587856147744,79.84966533172843,19.64617255705871,80.10186643836697,19.400530698712345,80.65316877698791
11249,ice_conc_nh_ease2-250_cdr-v2p0_201406281200.nc,2014-06-28,2014,6,28,18.643101624968196,78.46744183487932,19.77152759607406,79.62383168707493,19.158879519527694,79.83444784477432,20.245453932950124,80.13638231332523,20.41347700708579,80.84081520908381
11250,ice_conc_nh_ease2-250_cdr-v2p0_201406291200.nc,2014-06-29,2014,6,29,18.154938082469844,78.5117513503036,19.691842439870793,79.63656909250437,19.54582927747085,79.84503554034215,20.11271825540759,80.09817560592161,20.32734233278586,80.89562338708305
11251,ice_conc_nh_ease2-250_cdr-v2p0_201406301200.nc,2014-06-30,2014,6,30,19.617884251969844,79.5201239200381,19.593995860976726,79.69512809198503,19.387662993959655,79.90587853697097,19.318123912020347,80.29707398077387,19.775221598034776,80.89095072314896
11252,ice_conc_nh_ease2-250_cdr-v2p0_201407011200.nc,2014-07-01,2014,7,1,17.59199120033335,78.6419576973301,17.954865439280375,78.69657519736788,19.394263533909527,79.91328098615998,19.199627799565764,80.3984655166772,19.18731818142115,81.0526074050338
11253,ice_conc_nh_ease2-250_cdr-v2p0_201407021200.nc,2014-07-02,2014,7,2,19.597897367065038,79.62471491055909,18.996447103227304,79.76752136789693,19.398158482157225,79.94766276952838,19.194492775687703,80.41338767903291,19.451335034330054,81.22691631910669
11254,ice_conc_nh_ease2-250_cdr-v2p0_201407031200.nc,2014-07-03,2014,7,3,19.49348419783945,79.69923518607641,19.313431060485417,79.79478175174394,19.49964956297394,80.01913445482525,20.05840834553267,80.46864083538107,18.74963853461788,81.29179239137231
11255,ice_conc_nh_ease2-250_cdr-v2p0_201407041200.nc,2014-07-04,2014,7,4,19.07618627766357,79.67395747022482,19.025410786769722,79.81990264768986,19.49323111331476,79.96113779355645,18.82697094247411,80.4476133727406,18.733951013498245,81.16834614420436
11256,ice_conc_nh_ease2-250_cdr-v2p0_201407051200.nc,2014-07-05,2014,7,5,19.619920141510082,79.67778604854932,19.314892907705154,79.79011181654509,19.396026136818108,79.95461202822527,19.072628001141847,80.41150619230312,19.46040989493183,81.01930804137777
11257,ice_conc_nh_ease2-250_cdr-v2p0_201407061200.nc,2014-07-06,2014,7,6,19.589268143950243,79.70612987031929,19.33378767993585,79.78892708753575,19.324937197903527,80.00475850747706,18.530394156537724,80.44432450058703,36.96356922322014,81.68966526313038
11258,ice_conc_nh_ease2-250_cdr-v2p0_201407071200.nc,2014-07-07,2014,7,7,17.992737905982782,78.70599813953065,19.175776999942173,79.81417638947715,19.3182952204437,80.02569476983383,18.54989814887098,80.4714880608664,20.133179636126062,81.43029389559598
11259,ice_conc_nh_ease2-250_cdr-v2p0_201407081200.nc,2014-07-08,2014,7,8,18.179412088397687,78.64850119847365,17.751019604121726,78.80579083028947,19.62085568744786,80.01285084926121,18.54988259637972,80.47148739220505,20.834989317304714,81.99914526624546
11260,ice_conc_nh_ease2-250_cdr-v2p0_201407091200.nc,2014-07-09,2014,7,9,17.963172010015015,78.69965882306172,19.199590625694487,79.82942296908816,18.714630033408255,80.05970897520902,17.91154363673995,80.71111255440815,24.326417301355093,82.49852788005903
11261,ice_conc_nh_ease2-250_cdr-v2p0_201407101200.nc,2014-07-10,2014,7,10,17.681984998581918,78.78077936962505,19.136763161179854,79.85073444688244,18.491641402523257,80.13773131837046,,,26.24084396569994,82.81115590086713
11262,ice_conc_nh_ease2-250_cdr-v2p0_201407111200.nc,2014-07-11,2014,7,11,17.378641601541926,78.79991787058933,19.236083516419345,79.83531366947965,18.895184857667893,80.0652740247701,18.79949045738191,80.54632164070361,27.14068639657517,83.3067350997902
11263,ice_conc_nh_ease2-250_cdr-v2p0_201407121200.nc,2014-07-12,2014,7,12,17.381142876163857,78.76420338689624,18.83678338028316,79.83015022894264,18.5831772108643,80.0464363933173,18.51533229334689,80.4804850109289,26.66272541881259,82.83509488613834
11264,ice_conc_nh_ease2-250_cdr-v2p0_201407131200.nc,2014-07-13,2014,7,13,17.92360149298965,78.62341204619021,19.128274306874165,79.81040713075701,18.549138443170353,80.01729805254526,18.55761139910491,80.41055364505468,25.027435317077234,84.0418403114931
11265,ice_conc_nh_ease2-250_cdr-v2p0_201407141200.nc,2014-07-14,2014,7,14,19.628700209837753,79.55047031430844,19.35154674730142,79.75404528480433,18.922291806328186,79.98520553559338,18.870912973068343,80.38315429407243,32.39470996598069,84.84027160944325
11266,ice_conc_nh_ease2-250_cdr-v2p0_201407151200.nc,2014-07-15,2014,7,15,19.952987984929024,79.5599353122056,19.297749525390355,79.7474057916839,19.063469310091126,79.97727375915213,18.768061549962173,80.36669239341062,28.253659234001475,85.49370594460869
11267,ice_conc_nh_ease2-250_cdr-v2p0_201407161200.nc,2014-07-16,2014,7,16,20.000940909290662,79.62385527939054,19.536761657506215,79.80280855542506,18.61416373255661,80.02704289049629,18.61182679497672,80.60786765927121,35.16129736725001,83.14302600218275
11268,ice_conc_nh_ease2-250_cdr-v2p0_201407171200.nc,2014-07-17,2014,7,17,19.087747390910838,79.68562939692944,19.05898123789454,79.8672809164933,18.428866487795027,80.08721912400682,18.20169289739496,80.7918773375331,19.96169105422349,86.50810044935962
11269,ice_conc_nh_ease2-250_cdr-v2p0_201407181200.nc,2014-07-18,2014,7,18,17.730627278053763,78.75078190859165,19.365017592662575,79.85691282681648,18.50379951957803,80.08356346272194,18.622542431173596,80.74656336122212,,
11270,ice_conc_nh_ease2-250_cdr-v2p0_201407191200.nc,2014-07-19,2014,7,19,19.099400372433788,79.71845192282046,19.52011206282021,79.88561183832323,18.524500373142967,80.08535292243475,18.834667597752716,80.82585421867863,20.24982548618185,86.47170851390985
11271,ice_conc_nh_ease2-250_cdr-v2p0_201407201200.nc,2014-07-20,2014,7,20,18.96744861439015,79.68570617560464,18.723657555695695,79.90227401177172,18.416731800099,80.12290039783707,17.57332892219691,80.84048942714006,,
11272,ice_conc_nh_ease2-250_cdr-v2p0_201407211200.nc,2014-07-21,2014,7,21,18.722754859712836,79.69895770456853,18.38456464480944,79.88180906351657,18.486750048999294,80.10305184332536,18.026088775138856,80.75094345970493,,
11273,ice_conc_nh_ease2-250_cdr-v2p0_201407221200.nc,2014-07-22,2014,7,22,19.142411329381012,79.71684662925622,18.654968670540953,79.90438896711727,18.206749840886673,80.11580272043943,18.654174004258543,80.73841612787369,20.33187118912027,86.58040309022957
11274,ice_conc_nh_ease2-250_cdr-v2p0_201407231200.nc,2014-07-23,2014,7,23,18.86455456001231,79.76743070238838,18.90970575078064,79.96988639529675,18.17050092218455,80.3290393630167,18.998522520748256,80.93234425667653,,
11275,ice_conc_nh_ease2-250_cdr-v2p0_201407241200.nc,2014-07-24,2014,7,24,18.175755075262096,79.77414632913487,18.45957309913227,79.95977479788534,17.89829627491718,80.3661298725991,19.824241792395192,80.94656066034754,,
11276,ice_conc_nh_ease2-250_cdr-v2p0_201407251200.nc,2014-07-25,2014,7,25,18.40837388128578,79.74413886638398,18.463516704221128,79.94995237957765,17.68126981515214,80.33881602868037,19.96712304554556,80.82288180699997,,
11277,ice_conc_nh_ease2-250_cdr-v2p0_201407261200.nc,2014-07-26,2014,7,26,18.31571331204902,79.73518913098326,18.43838611177275,79.96300131861969,17.96052208514687,80.35354689504362,19.592556351367943,80.81679439120477,,
11278,ice_conc_nh_ease2-250_cdr-v2p0_201407271200.nc,2014-07-27,2014,7,27,18.40420565556262,79.74424429486682,18.438402924009846,79.96300134901419,17.883335294753103,80.35935185666548,20.120418229864118,80.7498184086004,35.57011260992358,86.74238076064763
11279,ice_conc_nh_ease2-250_cdr-v2p0_201407281200.nc,2014-07-28,2014,7,28,19.033694209645514,79.42199556413377,18.46155042108512,79.95486424764995,18.432046742354416,80.34345919695949,20.0605140815102,80.7364545170532,,
11280,ice_conc_nh_ease2-250_cdr-v2p0_201407291200.nc,2014-07-29,2014,7,29,19.14756111995264,79.40360624951336,18.84501420261619,79.9465058140404,17.92167457362227,80.2960075093089,19.887775066299586,80.69638228077896,,
11281,ice_conc_nh_ease2-250_cdr-v2p0_201407301200.nc,2014-07-30,2014,7,30,18.91537575135996,79.72451881446162,19.009126650013126,79.9181129219179,18.139647201497187,80.29382967417496,19.82077295315019,80.68093898241501,,
11282,ice_conc_nh_ease2-250_cdr-v2p0_201407311200.nc,2014-07-31,2014,7,31,19.008412023261755,79.7129538162086,18.629504833698363,79.90472405396129,18.122931863883334,80.26860645182609,19.988489695365995,80.65064968214439,29.30359314843945,80.82629775903325
11283,ice_conc_nh_ease2-250_cdr-v2p0_201408011200.nc,2014-08-01,2014,8,1,18.878622777916064,79.67403049244544,18.288399739545667,79.89332553152435,18.105309729290624,80.25915587207078,20.023086530727394,80.64129095679083,18.321096557154213,83.75313613812213
11284,ice_conc_nh_ease2-250_cdr-v2p0_201408021200.nc,2014-08-02,2014,8,2,18.266320323037757,79.68834917971623,18.444166118839963,79.91167826726202,18.421204319857704,80.28741710362469,19.978954936113837,80.69115707609748,,
11285,ice_conc_nh_ease2-250_cdr-v2p0_201408031200.nc,2014-08-03,2014,8,3,18.638463964785043,79.66459975722375,18.100867895587477,79.88873807114528,18.350221390955785,80.17640199935427,19.726056372931495,80.64443525907855,29.978229702634522,80.75153552752347
11286,ice_conc_nh_ease2-250_cdr-v2p0_201408041200.nc,2014-08-04,2014,8,4,18.866675387648765,79.6466041247828,18.375689732748537,79.88172742739228,18.287770706442597,80.14362957009939,19.184880134584066,80.59724837453713,,
11287,ice_conc_nh_ease2-250_cdr-v2p0_201408051200.nc,2014-08-05,2014,8,5,19.072415450714228,79.63096917196904,19.162165925850488,79.85425483454736,18.67534795779532,80.12997869690217,19.17986937689843,80.61146531686173,,
11288,ice_conc_nh_ease2-250_cdr-v2p0_201408061200.nc,2014-08-06,2014,8,6,19.08113429685305,79.58312360581236,19.023359454351393,79.84633096998193,18.276854335746403,80.14634627666194,19.95531741497829,80.52443834292986,,
11289,ice_conc_nh_ease2-250_cdr-v2p0_201408071200.nc,2014-08-07,2014,8,7,18.846002262885616,79.63468162497088,19.051575616118527,79.87470588705808,18.760344243192524,80.10457411530754,20.447411153309876,80.5341357054427,,
11290,ice_conc_nh_ease2-250_cdr-v2p0_201408081200.nc,2014-08-08,2014,8,8,19.156485442326932,79.622067643175,19.067037087499973,79.83474135094694,18.85152929030228,80.14773479240415,19.904179553114677,80.53253527258529,9.29753673303661,83.63470193003864
11291,ice_conc_nh_ease2-250_cdr-v2p0_201408091200.nc,2014-08-09,2014,8,9,17.785386417664743,78.70811987907328,19.24256412259948,79.81307499755454,18.45369817860303,80.07150447489317,21.07704055825694,80.49507363742275,17.496853951377545,86.31071943441589
11292,ice_conc_nh_ease2-250_cdr-v2p0_201408101200.nc,2014-08-10,2014,8,10,19.88430785158338,79.63390892668288,19.206298141980927,79.81457520452014,20.096482102431054,80.10444449139412,20.76413731692986,80.30378758160386,,
11293,ice_conc_nh_ease2-250_cdr-v2p0_201408111200.nc,2014-08-11,2014,8,11,19.450662530807556,79.64195395750879,19.430872530200013,79.86866158904365,21.11632841113928,80.22853033019834,20.931425235456448,80.54278035967451,,
11294,ice_conc_nh_ease2-250_cdr-v2p0_201408121200.nc,2014-08-12,2014,8,12,19.38488276288475,79.67399228089499,19.55083952244752,79.87424515565007,20.577866155145305,80.22653106434252,20.430235497171388,80.55015129926358,,
11295,ice_conc_nh_ease2-250_cdr-v2p0_201408131200.nc,2014-08-13,2014,8,13,19.437888197828322,79.66140706923636,19.450279340681366,79.86639454975149,21.250289964958892,80.22824501966744,21.744747240667937,80.6355642411472,,
11296,ice_conc_nh_ease2-250_cdr-v2p0_201408141200.nc,2014-08-14,2014,8,14,19.493801343364446,79.64749007421031,19.450279340681366,79.86639454975149,19.572999197797678,80.18579966147742,20.59364734295461,80.47169453716931,10.037531284359025,83.72170056826988
11297,ice_conc_nh_ease2-250_cdr-v2p0_201408151200.nc,2014-08-15,2014,8,15,19.680047449680863,79.6414249314517,19.314688375191253,79.86498209726982,20.043305974627827,80.16713513701568,21.056323007423142,80.22790378171739,,
11298,ice_conc_nh_ease2-250_cdr-v2p0_201408161200.nc,2014-08-16,2014,8,16,19.467855390378617,79.67847268141517,19.983052362276727,79.84200325338249,20.07433667957389,80.11025920016216,20.3014517530125,80.22008270143108,,
11299,ice_conc_nh_ease2-250_cdr-v2p0_201408171200.nc,2014-08-17,2014,8,17,17.70305788577106,78.7953114875476,19.99837160164852,79.47868364128313,20.019000988460252,80.07830023182913,20.44268277039754,80.18413344111877,,
11300,ice_conc_nh_ease2-250_cdr-v2p0_201408181200.nc,2014-08-18,2014,8,18,18.984339908989426,79.15973331320187,20.271320371860295,79.54382474810922,19.7839487422868,80.10160701755329,21.042548053610524,80.14969356581537,,
11301,ice_conc_nh_ease2-250_cdr-v2p0_201408191200.nc,2014-08-19,2014,8,19,18.769076005315885,79.1608005013812,17.780793430284305,78.89723173134342,20.044492838664233,80.03321277714473,21.028467347556187,80.12013378149581,,
11302,ice_conc_nh_ease2-250_cdr-v2p0_201408201200.nc,2014-08-20,2014,8,20,18.97820614570279,79.09630607731704,18.792462777924886,79.28967653736503,20.376891111925573,79.97433879772925,21.27139181427955,80.09134262871135,,
11303,ice_conc_nh_ease2-250_cdr-v2p0_201408211200.nc,2014-08-21,2014,8,21,18.965024025244688,79.10215956573654,19.171047459816208,79.27050075395138,21.168206570817382,79.85748648429366,22.092538542752788,80.08534815672155,,
11304,ice_conc_nh_ease2-250_cdr-v2p0_201408221200.nc,2014-08-22,2014,8,22,19.051672552778935,78.97890697834185,19.08552422321405,79.17607682503042,20.72642495064509,79.87327437644696,22.055835880410378,80.09668933436588,,
11305,ice_conc_nh_ease2-250_cdr-v2p0_201408231200.nc,2014-08-23,2014,8,23,19.184894057789567,78.95237196738276,19.26411145744387,79.16915192694377,20.757688175155067,79.8117859219057,22.802342634031813,79.94964571241252,,
11306,ice_conc_nh_ease2-250_cdr-v2p0_201408241200.nc,2014-08-24,2014,8,24,19.419519840501934,78.90242071992019,19.49881290713774,79.06298774971674,21.15021454255604,79.77270103123564,22.69423690485488,79.96736638860334,,
11307,ice_conc_nh_ease2-250_cdr-v2p0_201408251200.nc,2014-08-25,2014,8,25,19.64299064015101,78.88004469012157,19.646291388035895,79.38816664095403,20.843915022962403,79.78464330287126,19.66794255528666,79.96973750855159,,
11308,ice_conc_nh_ease2-250_cdr-v2p0_201408261200.nc,2014-08-26,2014,8,26,19.62485689553944,78.88748650613749,20.7947480732247,79.53704076240236,20.706605471629995,79.79517616591235,19.924156788312015,79.92377955015318,,
11309,ice_conc_nh_ease2-250_cdr-v2p0_201408271200.nc,2014-08-27,2014,8,27,19.44383632041008,78.92710326018506,19.364211015062562,79.23435173030397,21.2485275695585,79.87276251629211,21.930550281483857,80.06820110390578,,
11310,ice_conc_nh_ease2-250_cdr-v2p0_201408281200.nc,2014-08-28,2014,8,28,19.183800988553624,78.98970705803738,18.258997922662513,78.82704053021699,20.505760684163715,80.0141898840344,19.85221818507677,80.17997724417992,,
11311,ice_conc_nh_ease2-250_cdr-v2p0_201408291200.nc,2014-08-29,2014,8,29,18.900678756797088,78.99620329206793,19.25024445677215,79.27123435219754,20.238735523560383,80.04312109768979,20.970766232325037,80.50613477176466,,
11312,ice_conc_nh_ease2-250_cdr-v2p0_201408301200.nc,2014-08-30,2014,8,30,18.78290678835817,78.97275876610304,19.13572479571459,79.22811406731616,20.80435035087739,80.00416025728063,20.93565557472153,80.60519832815426,,
11313,ice_conc_nh_ease2-250_cdr-v2p0_201408311200.nc,2014-08-31,2014,8,31,18.7859490678011,78.96369950442363,17.840611238504074,78.81126647828454,20.7555310590894,80.05239545782766,19.472239646012216,80.76546622833868,,
11314,ice_conc_nh_ease2-250_cdr-v2p0_201409011200.nc,2014-09-01,2014,9,1,19.010728665112875,78.91886413972482,20.154018094954484,79.64915818383844,20.758976058474836,80.03265863638356,19.095761553667884,80.90534645918568,,
11315,ice_conc_nh_ease2-250_cdr-v2p0_201409021200.nc,2014-09-02,2014,9,2,19.219589001074844,78.91581538300309,20.038697434212747,79.65985254462615,20.479752728721298,79.8092444190283,21.193805206823225,84.86755967466739,,
11316,ice_conc_nh_ease2-250_cdr-v2p0_201409031200.nc,2014-09-03,2014,9,3,19.247728138425117,78.98068325893718,20.368136689874994,79.82885090731412,20.40860048850554,79.91713629682197,21.793077863278214,80.50990087330852,35.49079407684687,80.93483224750764
11317,ice_conc_nh_ease2-250_cdr-v2p0_201409041200.nc,2014-09-04,2014,9,4,20.28446580618919,79.6267766523763,19.6667000049725,79.89082582616514,21.17708036945686,80.12348457481271,22.21310644149513,80.47948601386875,,
11318,ice_conc_nh_ease2-250_cdr-v2p0_201409051200.nc,2014-09-05,2014,9,5,20.10084197749569,79.68836078951135,20.00012659974877,79.89893009901458,20.85782341078709,80.15093780214649,35.55528256202063,83.61859215982292,,
11319,ice_conc_nh_ease2-250_cdr-v2p0_201409061200.nc,2014-09-06,2014,9,6,20.114170008470538,79.69027164561061,20.286997680208753,79.95158976227057,20.866973661555978,80.19003208567602,20.56293547986473,80.68807456815772,36.21524837514313,80.95294768623363
11320,ice_conc_nh_ease2-250_cdr-v2p0_201409071200.nc,2014-09-07,2014,9,7,19.83815743123462,79.6786823296755,20.33262304273222,79.9296447414184,20.573967990860048,80.17132845798785,21.682903707062668,80.57549715139466,,
11321,ice_conc_nh_ease2-250_cdr-v2p0_201409081200.nc,2014-09-08,2014,9,8,18.01751211731945,78.79568711023897,20.206764005275144,79.87711463993902,20.873439839963197,80.09251028190845,20.62766530060476,80.62351216473783,,
11322,ice_conc_nh_ease2-250_cdr-v2p0_201409091200.nc,2014-09-09,2014,9,9,17.615168793402226,78.83027207131602,20.206775423401613,79.87711564364835,20.10630502706385,79.98205081748425,21.7910575634692,80.4671252044176,,
11323,ice_conc_nh_ease2-250_cdr-v2p0_201409101200.nc,2014-09-10,2014,9,10,17.612369520872296,78.79420734888546,20.684737381487857,79.82662832101435,19.883763085422142,79.95557162026583,22.513775186017497,80.38708371494383,26.947540017965196,86.68754847529385
11324,ice_conc_nh_ease2-250_cdr-v2p0_201409111200.nc,2014-09-11,2014,9,11,18.16780711511287,78.7811693712238,20.68015986461502,79.82169978478974,20.988593756748813,80.0626580831577,22.55820079119391,80.29409124863031,30.12719038184864,81.81405710050234
11325,ice_conc_nh_ease2-250_cdr-v2p0_201409121200.nc,2014-09-12,2014,9,12,17.708098556096736,78.80361776943307,20.78828267040609,79.40994056226594,20.379708482831724,79.9494697176982,22.525232171635075,80.23452893424114,25.809628443789126,83.0071490534162
11326,ice_conc_nh_ease2-250_cdr-v2p0_201409131200.nc,2014-09-13,2014,9,13,17.501851151719716,78.91184741462946,20.49331415795482,79.94158141942603,20.729343301440565,80.2204434860214,20.83853037797196,80.73316339683026,33.39486442871635,83.51227078612254
11327,ice_conc_nh_ease2-250_cdr-v2p0_201409141200.nc,2014-09-14,2014,9,14,19.42562407166222,79.04709652357808,19.935969035150993,79.92876416451263,20.3816397723231,80.18224786003132,19.85693918598071,80.51287080199057,26.996899123315195,85.9290622015014
11328,ice_conc_nh_ease2-250_cdr-v2p0_201409151200.nc,2014-09-15,2014,9,15,19.43817935503715,78.91367703294208,20.60456604513303,79.40713067816287,20.789264566173525,80.14621300626246,20.309427711494923,80.49123403896131,28.078217963777348,82.95519248545696
11329,ice_conc_nh_ease2-250_cdr-v2p0_201409161200.nc,2014-09-16,2014,9,16,18.661746152505454,79.09863737169033,20.177560058114437,79.8352089471468,20.817772038452762,80.27856042672998,21.00807173570872,80.90011363327694,17.1000748625207,84.33634786134101
11330,ice_conc_nh_ease2-250_cdr-v2p0_201409171200.nc,2014-09-17,2014,9,17,18.615762413266832,79.09058148708793,20.222191163102433,79.97473264654248,20.14739460318506,80.3089937452412,21.601806285437412,80.80688608182864,17.767986285732203,84.49915853532683
11331,ice_conc_nh_ease2-250_cdr-v2p0_201409181200.nc,2014-09-18,2014,9,18,18.95833012321805,78.97193233750548,19.939712287714695,80.0009072063769,20.08660277361089,80.3209526037993,21.258517756098787,80.99497263373182,,
11332,ice_conc_nh_ease2-250_cdr-v2p0_201409191200.nc,2014-09-19,2014,9,19,19.132845281060302,78.8899061136735,19.979542991223596,79.90115910471386,19.572263921408624,80.29970967347082,23.258601276479048,80.7379988975689,29.71815616349476,86.37677861766745
11333,ice_conc_nh_ease2-250_cdr-v2p0_201409201200.nc,2014-09-20,2014,9,20,19.15323598014888,78.85443110229777,19.953762886660673,79.95716703305557,19.34885398841905,80.32183715399947,23.04436534562645,80.70740401245803,33.95640091986216,86.26611623163863
11334,ice_conc_nh_ease2-250_cdr-v2p0_201409211200.nc,2014-09-21,2014,9,21,18.562469235599696,78.90320298520254,19.98065938431589,79.96721641590368,19.85291833656832,80.27226842351959,21.988964092449994,80.67747589162853,28.52903963284252,86.17475823045444
11335,ice_conc_nh_ease2-250_cdr-v2p0_201409221200.nc,2014-09-22,2014,9,22,18.791129142574565,78.91766539194609,20.014068541569163,79.95766622184433,19.7645408463982,80.27375157663421,21.919717481916624,80.62501384114553,30.99920700491579,86.0551601009811
11336,ice_conc_nh_ease2-250_cdr-v2p0_201409231200.nc,2014-09-23,2014,9,23,19.152486423255127,78.97750279787721,20.12980196524886,80.02437902061668,20.41044292621289,80.38823497666952,22.119463566640825,80.8520779113739,32.67995714898673,86.51758661977397
11337,ice_conc_nh_ease2-250_cdr-v2p0_201409241200.nc,2014-09-24,2014,9,24,20.081266531352583,79.84806676568316,19.85958357077224,80.1830805434782,20.358505511362463,80.59090784106876,22.7898358400518,81.08694978194323,33.80623200291577,85.02052368805383
11338,ice_conc_nh_ease2-250_cdr-v2p0_201409251200.nc,2014-09-25,2014,9,25,19.75662642363643,79.86682175534864,20.124066864480863,80.20456278028091,20.05132251901663,80.54472440529564,16.294949215816132,81.59012675396117,3.4791016700561275,86.78154601845307
11339,ice_conc_nh_ease2-250_cdr-v2p0_201409261200.nc,2014-09-26,2014,9,26,19.58798649614661,79.88309039880906,19.866317144280217,80.26030509549246,20.001249580440696,80.59986844006023,22.743025662267048,80.99557681979293,31.718813157734292,82.87101395698654
11340,ice_conc_nh_ease2-250_cdr-v2p0_201409271200.nc,2014-09-27,2014,9,27,19.711556683411278,79.80152104255303,19.98132884360434,80.22401188501017,20.31112063652944,80.52536059525715,23.138534834430207,81.00444219539467,30.91484174038544,82.99024984180406
11341,ice_conc_nh_ease2-250_cdr-v2p0_201409281200.nc,2014-09-28,2014,9,28,19.125963755901758,79.09884796276224,20.5107109212673,80.09253309848656,20.782434621482867,80.43454688342013,21.14796901073006,81.07993434341137,21.28943869334098,85.45602586339248
11342,ice_conc_nh_ease2-250_cdr-v2p0_201409291200.nc,2014-09-29,2014,9,29,19.089716828391285,78.99402034756487,20.395390603626485,79.53462321472955,21.088009915125028,80.2522251917138,22.538995770289453,80.60615924520788,22.33473662046241,85.41456799590894
11343,ice_conc_nh_ease2-250_cdr-v2p0_201409301200.nc,2014-09-30,2014,9,30,19.130482601445387,78.8896517680652,20.41050979030914,79.46441817337383,20.81989669302955,80.11341556102596,21.749321929417466,80.47550514367958,29.190683186514196,82.51875500762738
11344,ice_conc_nh_ease2-250_cdr-v2p0_201410011200.nc,2014-10-01,2014,10,1,19.458377452255977,78.8207504215471,17.892866824875718,78.84849379165401,21.16780280132351,79.99588858019138,22.676307820986807,80.38762321337022,29.977505798278653,82.40811718430932
11345,ice_conc_nh_ease2-250_cdr-v2p0_201410021200.nc,2014-10-02,2014,10,2,19.041553225589595,79.07953104905776,20.41011719632866,79.45426805074547,20.93404655205578,80.22742008069386,21.1971650441918,80.57824550546593,15.281027445443092,85.54693369835401
11346,ice_conc_nh_ease2-250_cdr-v2p0_201410031200.nc,2014-10-03,2014,10,3,19.433560084702194,79.0428582513723,20.268653587800088,79.42547683842068,21.336720747404748,79.93450204504516,21.67605688931002,80.53148978069638,27.124403864508704,83.54717768390546
11347,ice_conc_nh_ease2-250_cdr-v2p0_201410041200.nc,2014-10-04,2014,10,4,18.102541577559748,78.89496143471914,20.996898659287005,79.6058673064747,21.1056064112599,80.36344223622129,24.070600723691452,80.61318632504164,18.897807213786358,81.83409311463578
11348,ice_conc_nh_ease2-250_cdr-v2p0_201410051200.nc,2014-10-05,2014,10,5,17.754779961342482,78.98590069156668,20.309693932563622,79.57703630071254,20.28874408263933,80.40871124824343,22.906800849238905,80.83277631636408,20.238282988074946,82.7583254147036
11349,ice_conc_nh_ease2-250_cdr-v2p0_201410061200.nc,2014-10-06,2014,10,6,17.88805137911562,78.98211262121323,20.323084731987798,79.57934910094336,20.730662819156237,80.38535825444828,21.95566293694151,80.74487030941765,15.211034416568413,82.42928382857616
11350,ice_conc_nh_ease2-250_cdr-v2p0_201410071200.nc,2014-10-07,2014,10,7,17.66337448295871,78.92403178431586,20.6263172217801,80.05107952002417,21.484834619032117,80.3344513205844,23.281080602454942,80.77292316432722,20.580024238772914,82.9318974742839
11351,ice_conc_nh_ease2-250_cdr-v2p0_201410081200.nc,2014-10-08,2014,10,8,17.47694196613858,78.84652008445704,20.65003874884121,79.91724153622394,21.82276500041309,80.27715222487785,22.68598422816786,80.79733093374814,20.138924569795353,82.69831860955694
11352,ice_conc_nh_ease2-250_cdr-v2p0_201410091200.nc,2014-10-09,2014,10,9,17.86210613557574,78.85651169134172,20.797686021429637,79.39620122838049,21.00006910886297,80.23263813331685,22.308014689975582,80.52704753147181,20.79069107253564,82.63532135032095
11353,ice_conc_nh_ease2-250_cdr-v2p0_201410101200.nc,2014-10-10,2014,10,10,17.47859368324503,78.84565482810186,20.754412284794583,79.39169279441607,20.840130285411753,80.18243871521028,21.85841185765456,80.57545815664271,19.00293320412679,84.72212097511148
11354,ice_conc_nh_ease2-250_cdr-v2p0_201410111200.nc,2014-10-11,2014,10,11,17.330859819941697,78.83562120923771,20.438393217834058,79.40569155713997,20.034732959600987,80.14063254563668,21.41785858347879,80.44275513753534,26.33624325264938,82.70619368832024
11355,ice_conc_nh_ease2-250_cdr-v2p0_201410121200.nc,2014-10-12,2014,10,12,17.382076093781524,78.79062238536706,17.418756093680006,78.91869976441187,20.101911354897712,80.00110832944857,21.69279488095933,80.28719341990617,18.123991174775217,84.26742713200316
11356,ice_conc_nh_ease2-250_cdr-v2p0_201410131200.nc,2014-10-13,2014,10,13,17.50621585494144,78.7568526888324,20.604510472360428,79.33201634110245,21.206926960261235,79.57885609444232,20.662550577751112,80.23056989586387,16.121229960972,84.64399980372791
11357,ice_conc_nh_ease2-250_cdr-v2p0_201410141200.nc,2014-10-14,2014,10,14,17.365183290807273,78.67280784518353,20.788852336284386,79.25027856616524,20.90119433309615,79.50849743904547,20.897250069154165,80.09299312205431,16.86362241097293,84.68659658922836
11358,ice_conc_nh_ease2-250_cdr-v2p0_201410151200.nc,2014-10-15,2014,10,15,18.39346122774172,78.17706973653847,17.825972652612425,78.7204677381628,20.87250939093097,79.46525939322612,22.11186676826936,79.72313492928413,15.67369086502946,84.61115389365922
11359,ice_conc_nh_ease2-250_cdr-v2p0_201410161200.nc,2014-10-16,2014,10,16,18.55989858765336,78.09832668164596,17.986251651942744,78.61619940984771,21.356279963902505,79.32616487776905,22.223129434249405,79.69110614336299,26.602898898875424,82.40334087142008
11360,ice_conc_nh_ease2-250_cdr-v2p0_201410171200.nc,2014-10-17,2014,10,17,18.74489354866204,78.1503877920246,20.10827566393069,78.92636755428154,21.089535397259247,79.43594011046176,21.433395520429805,79.62719115840008,21.891471983403374,82.97194055187603
11361,ice_conc_nh_ease2-250_cdr-v2p0_201410181200.nc,2014-10-18,2014,10,18,18.692874802679405,78.11978514138073,20.175136802100102,78.81420347446374,20.950467434421117,79.42540305452266,21.055405768727596,80.00946537879071,17.332112917489695,84.12646597880233
11362,ice_conc_nh_ease2-250_cdr-v2p0_201410191200.nc,2014-10-19,2014,10,19,18.66343735131749,78.09940801779506,20.50509809529486,78.72942459361481,20.93084001457354,79.27909892881179,21.14811224488188,79.60998154934185,20.358342006559337,83.20694355999073
11363,ice_conc_nh_ease2-250_cdr-v2p0_201410201200.nc,2014-10-20,2014,10,20,20.367927959346773,78.54723069033973,20.36695242526706,78.853851223275,20.706031844566436,79.34010581585564,20.89173141630958,79.6117833202602,24.43348624221108,82.37890066260934
11364,ice_conc_nh_ease2-250_cdr-v2p0_201410211200.nc,2014-10-21,2014,10,21,18.381734067991722,78.41404458040408,18.20254662437081,78.70212027297397,21.221849317106415,79.38751573148662,21.28572295478624,79.63637433077628,23.5780764325409,82.41356089369587
11365,ice_conc_nh_ease2-250_cdr-v2p0_201410221200.nc,2014-10-22,2014,10,22,18.544038803208043,78.55240050969844,18.51102742716107,78.71836923578913,21.56189169204671,79.4092614500155,22.860805236741818,79.78062526459942,22.11595692937344,82.77519272910796
11366,ice_conc_nh_ease2-250_cdr-v2p0_201410231200.nc,2014-10-23,2014,10,23,18.594969469580327,78.68991142119843,18.239321290893123,78.88315217601368,21.550722664911767,79.66310890324552,23.90694736763212,80.14220300763705,18.47904954529573,84.22753158714492
11367,ice_conc_nh_ease2-250_cdr-v2p0_201410241200.nc,2014-10-24,2014,10,24,18.08683849458193,78.88104022682505,21.006882375075115,79.51483707289918,22.199642072759676,79.74045860718934,24.655020463559335,80.32790503359263,16.256722220551616,85.29216751167561
11368,ice_conc_nh_ease2-250_cdr-v2p0_201410251200.nc,2014-10-25,2014,10,25,17.883448601983932,78.93740071855792,18.11205398682246,79.05051645057688,23.293943868456772,79.76577870176361,23.113734710014363,80.93580700342682,10.134857570710079,84.76998365519762
11369,ice_conc_nh_ease2-250_cdr-v2p0_201410261200.nc,2014-10-26,2014,10,26,18.071009159891794,79.01357514406752,21.582543430017786,79.63395622965199,23.37724206480777,80.08184043170125,22.666092691698687,81.03432863269859,14.737375585708563,85.84668171687699
11370,ice_conc_nh_ease2-250_cdr-v2p0_201410271200.nc,2014-10-27,2014,10,27,20.676294442231157,79.51936251246028,21.015192799396218,79.6849820443945,21.07133931506889,80.86764363580097,22.497183144109908,81.16140887935278,,
11371,ice_conc_nh_ease2-250_cdr-v2p0_201410281200.nc,2014-10-28,2014,10,28,20.953880855211835,79.58339068276295,21.20978139005559,79.80942256074208,20.66092797341164,80.85071687554876,22.164960681980784,81.18827474977392,15.88337926534313,85.76726841658281
11372,ice_conc_nh_ease2-250_cdr-v2p0_201410291200.nc,2014-10-29,2014,10,29,20.54065175481285,79.58529899616585,20.979321342031657,79.80294826841435,21.545929420436156,80.23991036202248,22.296423443304576,81.16974731463931,35.39601601836,85.97631691571098
11373,ice_conc_nh_ease2-250_cdr-v2p0_201410301200.nc,2014-10-30,2014,10,30,20.672578035782692,79.50180228500595,21.103830833554813,79.79729297202736,21.162992059435265,80.23452807768149,21.781075118560324,81.13375730040468,34.01231335007649,85.73768268258799
11374,ice_conc_nh_ease2-250_cdr-v2p0_201410311200.nc,2014-10-31,2014,10,31,18.415509523981292,79.07154317696677,20.97157663378751,79.59149428792422,21.794620475210802,80.05114042157766,22.544524067905957,80.41293458968882,22.425145357330557,83.80426743776462
11375,ice_conc_nh_ease2-250_cdr-v2p0_201411011200.nc,2014-11-01,2014,11,1,18.665616562327617,79.10416432836857,21.30730698256142,79.52143555811983,21.508285008991095,79.96611976083854,22.508385784543982,80.34877639650182,32.788515434655444,85.61227566237604
11376,ice_conc_nh_ease2-250_cdr-v2p0_201411021200.nc,2014-11-02,2014,11,2,18.698358315896076,78.8709320055683,21.13209096485316,79.36874997961333,21.56475114233111,79.76745124536758,22.456855345178177,80.06152560473606,18.382157753954388,83.55637184222911
11377,ice_conc_nh_ease2-250_cdr-v2p0_201411031200.nc,2014-11-03,2014,11,3,18.21358822747677,78.72414816946656,18.31610853932968,79.02049682946844,21.1283676084021,79.63615958175363,22.615051688413278,79.99960110514074,18.665225511953185,83.15541040507699
11378,ice_conc_nh_ease2-250_cdr-v2p0_201411041200.nc,2014-11-04,2014,11,4,18.13163415534872,78.5695438534018,18.071929748435807,78.8534452028977,21.114682267255883,79.46588094005409,21.718494801393778,79.81594842060161,21.895857749313347,83.0384712479823
11379,ice_conc_nh_ease2-250_cdr-v2p0_201411051200.nc,2014-11-05,2014,11,5,18.76987568654277,78.05644176585493,18.350125461913645,78.88054561322335,20.861741304526497,79.51449812497066,21.305092610442337,79.79165482781069,19.657242039397573,82.19785341566921
11380,ice_conc_nh_ease2-250_cdr-v2p0_201411061200.nc,2014-11-06,2014,11,6,18.316010052659276,78.48879091614157,18.270386984420973,78.78699929789428,21.17002228454209,79.37490101864658,21.301364586389024,79.67321513373935,21.58039414162447,81.83066900451773
11381,ice_conc_nh_ease2-250_cdr-v2p0_201411071200.nc,2014-11-07,2014,11,7,18.366062498153642,78.6267339731382,18.248931890045508,78.85273513790929,21.33920945025621,79.41824405779418,21.702326586692042,79.72795993188694,29.65751147373886,79.0802408625172
11382,ice_conc_nh_ease2-250_cdr-v2p0_201411081200.nc,2014-11-08,2014,11,8,18.202300159038302,78.77706416096048,18.129347358237926,79.01047668108622,21.418007540468498,79.58868397264195,22.813193430952527,79.85375780333246,20.381103287579645,83.03325454459275
11383,ice_conc_nh_ease2-250_cdr-v2p0_201411091200.nc,2014-11-09,2014,11,9,18.299742630501846,78.66384991638216,18.63815606172605,78.84046637925994,21.45628522399932,79.44689556407175,22.65795535143057,79.75976732190097,19.460287135321508,82.8385661800291
11384,ice_conc_nh_ease2-250_cdr-v2p0_201411101200.nc,2014-11-10,2014,11,10,18.38855578601014,78.51701923418821,18.45291189785422,78.73645349980238,21.41696428729717,79.32136670017493,22.1949863482227,79.62935942765111,19.96940809957501,82.38934813356548
11385,ice_conc_nh_ease2-250_cdr-v2p0_201411111200.nc,2014-11-11,2014,11,11,18.543399778327736,78.41397591049159,18.51980045095335,78.65224916806744,21.414294278041012,79.25159165505669,21.699628899533305,79.61799457308133,19.397343753562303,82.40615865390735
11386,ice_conc_nh_ease2-250_cdr-v2p0_201411121200.nc,2014-11-12,2014,11,12,20.4356691945043,78.12349470480518,18.339807236320354,78.54139849040615,18.14763105253311,78.74698454492206,22.090147104741103,79.58407091401219,17.660399028022603,82.57525405140537
11387,ice_conc_nh_ease2-250_cdr-v2p0_201411131200.nc,2014-11-13,2014,11,13,20.855521932575485,77.98063652426431,20.218325272864302,78.50645732831715,18.22544698534067,78.72718779817399,21.72726114243067,79.48273952732949,16.839808403429945,82.53715048196833
11388,ice_conc_nh_ease2-250_cdr-v2p0_201411141200.nc,2014-11-14,2014,11,14,19.20859831552748,77.68461205052338,20.435603497368096,78.36951568425978,20.96730737673322,79.00466112439709,21.758561323240524,79.34520526738007,17.128212904151606,82.37764977075871
11389,ice_conc_nh_ease2-250_cdr-v2p0_201411151200.nc,2014-11-15,2014,11,15,19.081230502332645,77.8080344753651,20.652205089331396,78.5054260338799,21.319977320938975,79.16288219755648,21.94488150582066,79.50537644562058,17.760046191118622,82.522887279186
11390,ice_conc_nh_ease2-250_cdr-v2p0_201411161200.nc,2014-11-16,2014,11,16,19.38298220376711,77.74707626343807,20.676008598823834,78.4527353007343,21.173061824850667,79.06057858793372,22.17682945003301,79.39743411726127,16.901949292430285,82.3180203157612
11391,ice_conc_nh_ease2-250_cdr-v2p0_201411171200.nc,2014-11-17,2014,11,17,18.37850510164458,77.98996363008766,20.218598045090644,78.4632395127468,17.9642934577994,78.6105903681893,21.65431578547772,79.37361378425248,30.187147127157612,78.38712938900055
11392,ice_conc_nh_ease2-250_cdr-v2p0_201411181200.nc,2014-11-18,2014,11,18,18.547269706986164,77.85372783184812,20.191133130244182,78.51452878746352,21.137395818372,78.94660375609503,21.673694317657787,79.3434392768643,24.043450173995186,81.80560602002585
11393,ice_conc_nh_ease2-250_cdr-v2p0_201411191200.nc,2014-11-19,2014,11,19,18.540364602885152,77.77387915473815,18.253210967986103,78.25735966865427,18.028867260620462,78.54990826742228,21.465229793919583,79.2616342647337,31.28936112877823,78.85309923857604
11394,ice_conc_nh_ease2-250_cdr-v2p0_201411201200.nc,2014-11-20,2014,11,20,20.473903733109307,78.03632649107959,20.435903472233722,78.27083966416915,18.089139972176824,78.52421562505133,21.490649572831156,79.10628846722324,29.617400352949126,78.59129282646914
11395,ice_conc_nh_ease2-250_cdr-v2p0_201411211200.nc,2014-11-21,2014,11,21,19.403852277893023,78.20578782469674,20.010581279328566,78.48874780984735,17.872286654705725,78.65994537616527,21.89852166670141,79.225684473333,30.567388705454043,78.32519806570095
11396,ice_conc_nh_ease2-250_cdr-v2p0_201411221200.nc,2014-11-22,2014,11,22,19.211573971752493,78.28049923101345,17.839122601299373,78.5557193354755,18.187671022669626,78.80044148878538,22.540511432655293,79.4243966269188,16.540554762811297,82.48706453468186
11397,ice_conc_nh_ease2-250_cdr-v2p0_201411231200.nc,2014-11-23,2014,11,23,17.746150513680146,78.01016558026,19.787605963846758,78.66906332412147,18.072362839040046,78.73831742762141,22.577863875468967,79.48102034787043,18.056544050084415,82.1589691299195
11398,ice_conc_nh_ease2-250_cdr-v2p0_201411241200.nc,2014-11-24,2014,11,24,18.29876695368172,77.88256480154409,19.968972241755615,78.54211485652131,18.233065085366658,78.64040603143646,22.402215956131197,79.40352520779128,17.55070404315492,82.11214180681317
11399,ice_conc_nh_ease2-250_cdr-v2p0_201411251200.nc,2014-11-25,2014,11,25,19.5656578801414,78.31295315312478,20.078082071876047,78.5457883535392,18.265458652949487,78.61828214983312,22.031837069503624,79.35752009976554,18.20359472848903,82.17047240481077
11400,ice_conc_nh_ease2-250_cdr-v2p0_201411261200.nc,2014-11-26,2014,11,26,17.666490560057923,78.3688507367205,17.97414473010943,78.5940607722152,21.290398733983647,79.20138967390146,22.25943944746619,79.56513971382712,18.01899892130117,83.89266915978224
11401,ice_conc_nh_ease2-250_cdr-v2p0_201411271200.nc,2014-11-27,2014,11,27,17.848732178498647,78.37746363375534,17.905166422602516,78.63699523527937,21.53585222027933,79.24577125710896,23.070942650449975,79.64474737866755,19.00604792750088,82.80893859071517
11402,ice_conc_nh_ease2-250_cdr-v2p0_201411281200.nc,2014-11-28,2014,11,28,18.014480377941187,78.09106047457318,20.027801619807722,78.73948874603684,21.387699509607476,79.22749612253762,22.275261742412894,79.59271136665187,15.383450195012708,82.09250333419845
11403,ice_conc_nh_ease2-250_cdr-v2p0_201411291200.nc,2014-11-29,2014,11,29,17.963046124916676,78.01162041349761,18.24483750182305,78.5212210998781,18.240787079118707,78.728443776459,22.480681227226544,79.4350583296328,14.81667345834611,82.18916957641149
11404,ice_conc_nh_ease2-250_cdr-v2p0_201411301200.nc,2014-11-30,2014,11,30,17.906861279824607,78.29087331891787,18.492985542742648,78.55173614642696,21.781103637729018,79.11865228456041,,,20.453533941433314,83.51072292680449
11405,ice_conc_nh_ease2-250_cdr-v2p0_201412011200.nc,2014-12-01,2014,12,1,20.446169231569982,78.38158422077866,36.93768950538866,64.19873591998737,37.57870421101239,63.98339436761795,,,28.855077602317515,82.61827402588544
11406,ice_conc_nh_ease2-250_cdr-v2p0_201412021200.nc,2014-12-02,2014,12,2,19.146962050929673,78.5225745063389,20.00820951744979,79.05671723033619,22.369490670726833,79.44485953002722,23.61601429430602,79.78020553412965,29.36301732898637,82.75161853167398
11407,ice_conc_nh_ease2-250_cdr-v2p0_201412031200.nc,2014-12-03,2014,12,3,19.582401235916336,78.86155766121126,19.810094628036186,79.10270763737014,22.265142635324864,79.48485699795457,23.372104183837894,79.78965470701041,26.93841944394885,82.85509587187951
11408,ice_conc_nh_ease2-250_cdr-v2p0_201412041200.nc,2014-12-04,2014,12,4,19.240667059955154,78.86613194473871,21.827812418774656,79.17621782704101,21.97423043788438,79.3897053839316,23.46503640091821,79.68916999757543,19.52932474908899,81.92235609929021
11409,ice_conc_nh_ease2-250_cdr-v2p0_201412051200.nc,2014-12-05,2014,12,5,18.61324777279748,78.60180583066601,19.22446243023103,78.9592410790992,21.749593311429685,79.22702637318531,23.48111719311378,79.51678145195719,31.111279518229605,78.5796761951994
11410,ice_conc_nh_ease2-250_cdr-v2p0_201412061200.nc,2014-12-06,2014,12,6,18.679671365620443,78.77758484937623,36.88189039177087,64.2052970519474,22.062688232427444,79.25034302173508,23.60860171742539,79.72448173644422,18.654206427679096,82.11061191665729
11411,ice_conc_nh_ease2-250_cdr-v2p0_201412071200.nc,2014-12-07,2014,12,7,18.267994120827673,78.70048225771274,36.285267732745716,64.3689596878213,22.291531278120715,79.1984610259184,23.93020173271038,79.60458264736363,24.289193517137655,83.52259701023273
11412,ice_conc_nh_ease2-250_cdr-v2p0_201412081200.nc,2014-12-08,2014,12,8,18.391566162443336,78.57764395869937,19.07380979060596,78.84800924861146,22.261756061079236,79.1395682473145,23.580735193280667,79.58423211764152,24.344412616853106,83.63094606071768
11413,ice_conc_nh_ease2-250_cdr-v2p0_201412091200.nc,2014-12-09,2014,12,9,18.425616503540805,78.43792512190585,18.607638712477282,78.77401046553837,19.29011395368994,78.9776962767801,23.25566053237701,79.39093144821001,22.35096471122533,83.40343639766444
11414,ice_conc_nh_ease2-250_cdr-v2p0_201412101200.nc,2014-12-10,2014,12,10,18.691390749436433,78.48637634277014,19.09817021461661,78.80750470442443,21.83196535689941,79.14225828113493,22.831278366854338,79.37380640999612,20.611203677751405,82.9448875266239
11415,ice_conc_nh_ease2-250_cdr-v2p0_201412111200.nc,2014-12-11,2014,12,11,18.515311819150345,78.52323038867287,18.616181133152427,78.84939432145877,37.57870421101239,63.98339436761795,22.766333471082458,79.48519779978012,20.697801809700202,82.79305675949405
11416,ice_conc_nh_ease2-250_cdr-v2p0_201412121200.nc,2014-12-12,2014,12,12,18.263173532909835,78.56767993773703,18.5664342450093,78.77729781549844,21.53048882135216,79.05854034609405,22.790963652828086,79.39490793241062,21.595423021767473,83.69916883445813
11417,ice_conc_nh_ease2-250_cdr-v2p0_201412131200.nc,2014-12-13,2014,12,13,18.050345307168378,78.52533334651328,18.410270402008265,78.72118287314072,21.54602497181027,79.10921451886611,,,19.72233278753911,83.62749007477765
11418,ice_conc_nh_ease2-250_cdr-v2p0_201412141200.nc,2014-12-14,2014,12,14,18.108727652693606,78.48350754496197,18.445849560521772,78.77290412593538,18.852098979359226,78.9921154672061,,,17.902668568875573,82.28673868501593
11419,ice_conc_nh_ease2-250_cdr-v2p0_201412151200.nc,2014-12-15,2014,12,15,18.11387285617281,78.5823577920091,20.773008878750645,79.08624513528966,21.448310971587958,79.0733234946096,,,17.050746701022234,82.3823405918163
11420,ice_conc_nh_ease2-250_cdr-v2p0_201412161200.nc,2014-12-16,2014,12,16,18.02954151143518,78.51744235714732,18.567590599100832,78.81366279535348,19.11863765538924,78.94694725792792,22.490442663888974,79.4376084921645,19.978929850355176,83.11356597992082
11421,ice_conc_nh_ease2-250_cdr-v2p0_201412171200.nc,2014-12-17,2014,12,17,18.229480305458235,78.36673569737138,18.622179451889224,78.68359641213593,18.970104928707606,78.91630478596082,22.601976250760888,79.30426879382522,22.163519861718058,82.90977533111779
11422,ice_conc_nh_ease2-250_cdr-v2p0_201412181200.nc,2014-12-18,2014,12,18,19.231351916865048,77.68264644500123,18.5866276075145,78.49035723765425,21.297633717062396,79.00700095871066,22.837639078838915,79.21860976011322,31.1669947545596,78.33217013708108
11423,ice_conc_nh_ease2-250_cdr-v2p0_201412191200.nc,2014-12-19,2014,12,19,19.261557074666676,77.61901915417612,18.541355855836816,78.42362291727024,21.265045081853422,78.91001919751137,22.315884310119937,79.29344053245978,21.247231012663317,82.25607943201545
11424,ice_conc_nh_ease2-250_cdr-v2p0_201412201200.nc,2014-12-20,2014,12,20,18.360022126096336,78.21987997424579,18.374249959946837,78.43345370952675,21.285594783922082,78.86902733944099,22.378870212752705,79.2453876575213,14.42137877098066,81.8880944259455
11425,ice_conc_nh_ease2-250_cdr-v2p0_201412211200.nc,2014-12-21,2014,12,21,19.89063573894221,78.10212986896612,18.591114906405032,78.3173361963119,21.1359072938259,78.73232852491415,22.19485443850547,79.01177146553547,18.691527505718625,81.147258500364
11426,ice_conc_nh_ease2-250_cdr-v2p0_201412221200.nc,2014-12-22,2014,12,22,18.856234067149778,77.65821518012815,20.16733264041231,78.20073918492221,18.255999570240704,78.46363189434298,21.710397912085064,78.99264773962845,34.773443948099185,78.65830021516929
11427,ice_conc_nh_ease2-250_cdr-v2p0_201412231200.nc,2014-12-23,2014,12,23,19.06453603009954,77.59135191394216,20.2064909432315,78.0828091933772,20.34763559458586,78.3404201033571,21.08613969499471,78.89085238371025,34.37442966635682,78.72458692861625
11428,ice_conc_nh_ease2-250_cdr-v2p0_201412241200.nc,2014-12-24,2014,12,24,18.939166631815482,77.5930665903852,20.34355851054423,77.96331621402486,20.12487290325365,78.3247120348361,21.370066261272154,78.75996950346254,17.014465694912115,81.13852085014929
11429,ice_conc_nh_ease2-250_cdr-v2p0_201412251200.nc,2014-12-25,2014,12,25,18.950723178059363,77.61354752878354,20.382903584588895,77.9927411391967,20.206581956031965,78.27987916335327,20.985193174342445,78.7929635045259,19.20195579126571,80.90332439537673
11430,ice_conc_nh_ease2-250_cdr-v2p0_201412261200.nc,2014-12-26,2014,12,26,18.975020921423774,77.55723945036144,18.71155858912327,77.92675394412007,20.024410829881948,78.2258331599737,21.114753862800075,78.72289905900871,31.785621690726227,78.64670371349926
11431,ice_conc_nh_ease2-250_cdr-v2p0_201412271200.nc,2014-12-27,2014,12,27,18.783500199413083,77.45914834424318,18.563977038877216,77.85361110053451,20.27045961091799,78.09396388995178,21.009385842300922,78.64496182425094,29.827161707289648,80.13269075051049
11432,ice_conc_nh_ease2-250_cdr-v2p0_201412281200.nc,2014-12-28,2014,12,28,18.450576972223704,77.58548765869735,20.027820343566756,77.9082878214244,18.466487885784893,78.2477999680666,21.208583882893656,78.63657498860533,29.396302693778907,78.2628743737144
11433,ice_conc_nh_ease2-250_cdr-v2p0_201412291200.nc,2014-12-29,2014,12,29,19.803343021222467,77.8920970492941,18.5771493301199,78.20410212923376,18.105294493435483,78.51331589225012,21.09839150323698,78.86106803940052,18.269776526387968,81.65318177521738
11434,ice_conc_nh_ease2-250_cdr-v2p0_201412301200.nc,2014-12-30,2014,12,30,18.01405755541616,78.11557229897987,18.486724726197586,78.34700001943187,18.180673902939834,78.53904715196315,20.899293213678224,78.90564743647045,29.80706342134933,78.54585370136651
11435,ice_conc_nh_ease2-250_cdr-v2p0_201412311200.nc,2014-12-31,2014,12,31,18.045502042524877,78.25648014995905,18.296509075410256,78.4015117558583,18.34257954588175,78.62696815932362,21.974735085912005,78.98635603135318,16.458112587395167,82.15204062257327
